--
-- PostgreSQL database dump
--

-- Dumped from database version 12.3
-- Dumped by pg_dump version 12.3

SET statement_timeout = 0;
SET lock_timeout = 0;
SET idle_in_transaction_session_timeout = 0;
SET client_encoding = 'UTF8';
SET standard_conforming_strings = on;
SELECT pg_catalog.set_config('search_path', '', false);
SET check_function_bodies = false;
SET xmloption = content;
SET client_min_messages = warning;
SET row_security = off;

SET default_tablespace = '';

SET default_table_access_method = heap;

--
-- Name: actors; Type: TABLE; Schema: public; Owner: sophie
--

CREATE TABLE public.actors (
    id integer NOT NULL,
    name text NOT NULL,
    age smallint DEFAULT 0 NOT NULL,
    number_of_oscars smallint DEFAULT 0
);


ALTER TABLE public.actors OWNER TO sophie;

--
-- Name: actors_id_seq; Type: SEQUENCE; Schema: public; Owner: sophie
--

CREATE SEQUENCE public.actors_id_seq
    AS integer
    START WITH 1
    INCREMENT BY 1
    NO MINVALUE
    NO MAXVALUE
    CACHE 1;


ALTER TABLE public.actors_id_seq OWNER TO sophie;

--
-- Name: actors_id_seq; Type: SEQUENCE OWNED BY; Schema: public; Owner: sophie
--

ALTER SEQUENCE public.actors_id_seq OWNED BY public.actors.id;


--
-- Name: signatures; Type: TABLE; Schema: public; Owner: sophie
--

CREATE TABLE public.signatures (
    id integer NOT NULL,
    signature text NOT NULL,
    user_id integer NOT NULL,
    created_at timestamp with time zone DEFAULT now(),
    CONSTRAINT signatures_signature_check CHECK ((signature <> ''::text))
);


ALTER TABLE public.signatures OWNER TO sophie;

--
-- Name: signatures_id_seq; Type: SEQUENCE; Schema: public; Owner: sophie
--

CREATE SEQUENCE public.signatures_id_seq
    AS integer
    START WITH 1
    INCREMENT BY 1
    NO MINVALUE
    NO MAXVALUE
    CACHE 1;


ALTER TABLE public.signatures_id_seq OWNER TO sophie;

--
-- Name: signatures_id_seq; Type: SEQUENCE OWNED BY; Schema: public; Owner: sophie
--

ALTER SEQUENCE public.signatures_id_seq OWNED BY public.signatures.id;


--
-- Name: user_profiles; Type: TABLE; Schema: public; Owner: sophie
--

CREATE TABLE public.user_profiles (
    id integer NOT NULL,
    age integer,
    city text,
    url text,
    user_id integer NOT NULL UNIQUE
);


ALTER TABLE public.user_profiles OWNER TO sophie;

--
-- Name: user_profiles_id_seq; Type: SEQUENCE; Schema: public; Owner: sophie
--

CREATE SEQUENCE public.user_profiles_id_seq
    AS integer
    START WITH 1
    INCREMENT BY 1
    NO MINVALUE
    NO MAXVALUE
    CACHE 1;


ALTER TABLE public.user_profiles_id_seq OWNER TO sophie;

--
-- Name: user_profiles_id_seq; Type: SEQUENCE OWNED BY; Schema: public; Owner: sophie
--

ALTER SEQUENCE public.user_profiles_id_seq OWNED BY public.user_profiles.id;


--
-- Name: users; Type: TABLE; Schema: public; Owner: sophie
--

CREATE TABLE public.users (
    id integer NOT NULL,
    first text NOT NULL,
    last text NOT NULL,
    email text NOT NULL,
    password text NOT NULL,
    created_at timestamp with time zone DEFAULT now()
);


ALTER TABLE public.users OWNER TO sophie;

--
-- Name: users_id_seq; Type: SEQUENCE; Schema: public; Owner: sophie
--

CREATE SEQUENCE public.users_id_seq
    AS integer
    START WITH 1
    INCREMENT BY 1
    NO MINVALUE
    NO MAXVALUE
    CACHE 1;


ALTER TABLE public.users_id_seq OWNER TO sophie;

--
-- Name: users_id_seq; Type: SEQUENCE OWNED BY; Schema: public; Owner: sophie
--

ALTER SEQUENCE public.users_id_seq OWNED BY public.users.id;


--
-- Name: actors id; Type: DEFAULT; Schema: public; Owner: sophie
--

ALTER TABLE ONLY public.actors ALTER COLUMN id SET DEFAULT nextval('public.actors_id_seq'::regclass);


--
-- Name: signatures id; Type: DEFAULT; Schema: public; Owner: sophie
--

ALTER TABLE ONLY public.signatures ALTER COLUMN id SET DEFAULT nextval('public.signatures_id_seq'::regclass);


--
-- Name: user_profiles id; Type: DEFAULT; Schema: public; Owner: sophie
--

ALTER TABLE ONLY public.user_profiles ALTER COLUMN id SET DEFAULT nextval('public.user_profiles_id_seq'::regclass);


--
-- Name: users id; Type: DEFAULT; Schema: public; Owner: sophie
--

ALTER TABLE ONLY public.users ALTER COLUMN id SET DEFAULT nextval('public.users_id_seq'::regclass);


--
-- Data for Name: actors; Type: TABLE DATA; Schema: public; Owner: sophie
--

COPY public.actors (id, name, age, number_of_oscars) FROM stdin;
1	Leonardo DiCaprio	41	1
2	Jennifer Lawrence	25	1
3	Samuel L. Jackson	67	0
4	Meryl Streep	66	3
5	John Cho	43	0
\.


--
-- Data for Name: signatures; Type: TABLE DATA; Schema: public; Owner: sophie
--

COPY public.signatures (id, signature, user_id, created_at) FROM stdin;
1	data:image/png;base64,iVBORw0KGgoAAAANSUhEUgAAASwAAABQCAYAAACj6kh7AAARd0lEQVR4Xu2dCfB+1RjHv01GY8yQtUFCjMaSFKH+KLKT7GtZZyxprEOymywxREbCoGnBZI1C1qQySCH7FrL+owzGkBnDfP6dw5nbe+89673nvu85M+/8fvO+Z3nOc577vec829lOrTQONA40DiyEA9sthM5GZuNA40DjgBpg1SMEN5W0l/PZXdLOBclra1+Qua3rMhxoQluGryG93kPSYZIeFtIoQ9229hmY2LqYlgNNaKfld3e0oyQdbr68TNI3JF1gPudL+uW85LXRGwfq4kADrHnWg13VkZK2mOEBriPmIaWNusEcuL6kQyW9socHr5b0DkmX1MKjBljTr4S7qzpX0sslnTk9GW3EDefAfzznD2i9yrNu8WoNsIqz+H8D8DY7ztFVtV3VdLxfwkgWQKZ4Jl2w6ttFIa9bDeOmoMlrjaohxIva5VZi8U+XtLekCyU9R9KXlzudRnkBDswBWGPP/5Q0ebF0jGCvTlqlQQ64YHWepAfVpBNoa1cNB6YEBzvWTiOyOCVNXgvRAMuLTUmVTpJ0sKQGVklsXPvGU4IDOimraB/CgClp8lrgBlhebIqu9BRJ75X0c0n7tp1VNB83oeGU4NC1DvbttKakyWuNG2B5sSm60hmS7isJ4Do+upfWcBM4MAc4jO205qBpcK0bYJV9FKpb8LLTbb0ncGAOWRnzw7LTqQYnqiEkYaFrbjqHENbMj0ZbPwfmlJUhn6yqMKIqYtZQmucUwjVk51pPaU5ZQW2B+oJysqQX1KpvbYBV9hmYUwjLzqz1npsDc8sKelbCw27hTKw6fKiOoNxSMHN/cwvhzNNvwwdwoAZZ6eq0qsOH6ggKWOAlVK1BCJfAp0aj1GTFQwoaYHkwKaFKE8IE5hVueldJD5V0gKQ9zFi/kfRdJ8UPqX6mSvHTZMVjwRtgeTApocq3zcNwN0nnJPTTmqZxYBU4+fZ4lqQTJvCja4DlsSINsDyYlFDlzZKeL+loY3lJ6Ko1jeAAiuSnmiiDbvPvSPqipI87LxPSVN/BSVN9R0nXNQ1LW88aYHkscAMsDyYlVOHNfrakiyTdPKGf1jSMAyRIfKk57tES/p/aASffHl3rWcl40AZYHivSAMuDSYlViCPcVVI7FiYy0rP56yW92NRFH/WWDMe50hk3riPpT5L+LOnanvPcyGoNsMovezsWlucxI7ATeq4kbhuivMEBrhwUlAQtbksihz/H1NvnIHZd+2iAVX5l7bGwCWMZXnfDStBLvbZQ2mkXtEjA+OhMHuHcmPRRSZ+UdFAZNq1Hrw2wplnHOfQTvoGtPhyoVU6eJuldZgI/kPSmDMe/MX7A11Mk7Z8xxxmGGXbibzPZaMdo2NjfaxXEdVuQqQHLfahy8LJGOQGoACxbpqQx907rGEnPNpZkLMqt9HBgykXe5EX4ilG6s/XHjF6y5H6YStIa0zfzIykiqabdMrUs59xpfULSgyU9XNLHYpgycZvu7n2y68CmXuSJ+VrNcES/c1z5jKQHFKQq9SFy9UGTCWEAP9z5oaR+uqRvmvZzyHIuRTz6zdsZHzC866cuFoB8rvNy59ylk6wPnytJ/ByLXHI+tfZ9DaOc3UHSnpLwgM9dcu2s+nIjzQ1gq+aHU+f3TQpqN8tAbt4O9efShXPpIRGD486wo3FSvTSifWoTm3l06A7CJxsjA6BEsT5p/O9exlo0u24DrNSl9m//dknPknSspMP8m3nVzPWmt4P1KexzWsa8JmYq9c3vGeauxw9KelxIh5nrQt9XjXMwnvXvC+j/hpJ+K+mPkuhnjjJ0iw5AhdwSAWDLqpeXvb+AOsV2Wg2wphMP/Gu+JelyI5h/zTR06jHQhwx3jJ9Jwjkz5KH0GaOvztD8PiDpsZKeKemdKYNkaMuDDU84qhLS41vuJenzJiLi7r6NMtfrGoVWvbCYF9fWD637fSR91tBWZKfVACvzyo9092lJ989sDXqPiZcrvftBiDG9c2UZ5SUGuEpz8DSjYF81v4sl3VjSbSTh1jB3QZ/GTiRkl4V1ECshVk92jHMUd4flHu+gBQD6UMALyu60aHe/3JNpgJWbo8P9kc4EKxA6LHRZqeWB5kZp0qLwoFyS2qFHe3YSbzT6liJvUYcG67rA2x1jhTs/65D7I0m38qB7iip2lxXysLIzxHjAbeD4Yc1RLGDxUsC/jJKisyzmxtMAa3rx+J7ZEWCW/1Ti8DgwPsoE+r4usa+Q5vYtSqwe1q0SxXUK5YgFaLml1pCn0IfVurzcW9IXehjZNYQAiKx9jqvjLMheZuIYc+zUQ3ngLT8NsLxZla0iRylCR9hmE9oRW24kiZ0VZWejuI3tK6YdDxfJ73LH7EELu0XrrsDu490rCPyxpFtWGFQe+rCibMfayXr+rjNPV5G9ao3ISJH6ogKg9jOd5wArugrlgbf8NcDyZlW2irmAJhfwxU6MFC5fMo3vmTF2D10Zuj5AC6ACsLrFHgd/Imm32AkUahfysPZZCLv6wq7VDSDjRQHQhejLulMm/9cvzJc5bycP4UHQMjTACmJXtso5jnJYHLE8osfiAZ+jHCXpcEkXSuJIk0OHdpxRPp8u6cCeSdV6HAzdXfRZCAmEJioCEGE3vuroZ49yWG23RPLe9gHdufSRgO1Ws27Z8SV7h3M8NQscEwUy+quvSdongv5bG4dJ/Hc4Ds5ZMCJgTBhyOvSlz+6cEHh0Y30AWGuOsdCHdZWFMOQlcKJxVI1JLAittNtFEnpVm5bHd61W1XNdUHLIw5XGaICVsjxpbVO2zbU4TMKB0Id0iGs+O6das7i6zq2+D2vXQhh6zE7xsrfe7axHyrHSXU/bZy5dWAOsNIzJ2joFsGpymAw9Bg0x0Wfn5ANqWRfKo7PYSIOuhZBcXugDQwwZsV72ruXxZom3A3UdTXeKPKKOsrrtsEZZVKxCCmBx9dRNKnKYTJmLZbDvzunX5hhcS8pp3FMAGI7poUcz0iKTHhlDDIp1vMhjXEVivOxdwOriQF88qc/DUBRTinbuM7sNrhP7kFvLzh8k3aAS/sXOxSXfZ+dkHUlRSj9i5rmzDq+R9HhDx4dNjKiv4cHqIXn5sMMhiJvvYo9nIV72XUDKAVgpjqbeS9kAy5tV2SvGPuTkTPrIBKlqQiYcOxd3jDG/qjFH0hB6U+tyyQVgtb2kf0t6mSSU5SHF1UP+zSQjxNqL1TemhOyyxgArZvxJ2jTAmoTNKweJfcgxc1sfLB6UGkrsXLrHwT6/Kh9H0in4QFTBC53g5vcbsIq5HdrqIenD7tJWefSHzMt3l+UCVqylOoSubHUbYGVjZXBH+M9wV2Fo4C5JAAkqrSk7ZSpgjR0HSR/zmAFH0mDmBzZAX8bLgWwEFFLJkLECX7HYQpQCuitb+jz6Q/r3jWV0ASuHt3wIjUl1G2AlsS+pcaylz4ZypFp2kojvNE4FLILB9+gJs7G6njnyRZEUEKB6opkvNHAUTA1StkHrpBgiuWOfR3/MGvmshQtYc4R1xcxrW5sGWNGsS24Y40tlY8vOcqLqkwnJ0IHPQzI0zFD7GD6lTunqBqjshaz0h44KsPp7aucmcJnjJQVl+20z9Gm7GFsLa42lfmo8a0ay/bqqBbDGmOw3m2XVsjsHfI980/ueYczfucIocnEsdf2G2sfuRGPnhvc5u6rrmQ5OMEDFET5HcWNJ6S/WKthHy9ha2OM37XNkDMnBE+8+agOsYg5n3hyZtuKYcHWpCa0/1WxS6Rpqb3U9obq+kLmz6yC8iA9HbQqXKbCjOjukI4+61mBCVRxFiSfMWcbW4qfmBQlfSX64qFILYFmX/k27SHJMuDYdsErGTFqQeoikXR1GE1ZCADbHpRLF+lvRd84sF5bWMZmyv3P/Ibc5LarUAli49pM58loRVrNFMbxD7JhwrQNg8TIiF/iQQ2UfH3LrryxIcRQil5YtF0k61dwZeU5hgbJzDQm/CSFpTKbs77VECoTMrSql+9S6iiBGFao8JlxLByzfYNg+PuSQib6dFD5fuCVwsW1pkHLXMXTNQ0VvrP+x30PHm7R+LTssJp37bTopIyMHCxWe0PqRZAU1s+Eyq0zzbrqRvgh+G2q0SqdCBk7Cj0L1V30gNeVOahUTydv+VvNDqWdvTEbGfg9a/Kkrl2JazDysvoKjA8r3TSihwhNavzQPfcJlXNDihuPndbKTkqiO2EAsoNwoZIt14UDpPXb9FbJDHT4cddwcYXODlLsGVuHN1fTozkqUMRkZ+70ETdn6rAmwmBTbcxYSn5cjss2y3o5ChSe0fsmZh4TLAFoosgEniru+WOKstzV/bSFk5M4rMmFezXx/F/N3747HOO1/aGItpz7ujfHbrl9Ja/iYjIz9PjaHWX+vDbBCE5jNyrwMg4cKT2j9DCT2dkHGVDKnhnhp22yadEoaFY5HZF1gZ8VfdloU6wkO8BxkgAnwAqRWXVL6KxMuQ34pPjXcUViS90N9j8nI2O9z0e01bm2AZd++5Ak/SdITvGax3EqhwhNavxRnbMxajJc2LyUcMzHpxxaCfL9uUkzzl6NWK1dwYExGxn6vmo81ApYP06tmagBxocITWj+AlKCqqbmbGAzQ45ozEtcNFXZPXLgBMFmQ+kcQtZtVeUxGxn6vmlsNsOZbHnvFU4iRoQZhs1bBlNxNLte7c5r7+rL5JCLPyGMyMvZ7HioK9VIrYHEcPHjNle99VzwNLfXcwuZjFQwV1e6c0D9x9fyc15eFzqGW+tayys3QpCBaVeaWoSRe1QpYm6B8X3XF09hizilsIVbBsXn07bDsA8fRDwV7K2Ec8AmOn8JSGUZ1QO1aAYspWIsS+ou9Aua0lKrdK5586J4DsKwTJjmhuDAhxCoYOqc+VwafflqdcYU7PLLRB0MX1VbLy5oBC6ZdIGnPwGuPqmV2h7DuFU8+dE8JWOx2SH2yr0PYkZJe4UNoQB07J+L7eIhwZcARtJUwDvjeD0k99I/smHO/fMIojqhdO2Ct89HwLybbJPmRCEHxKXbLnzuHkjs21jui+AmHoZT2FLeARXYEktotKmWvz6JNVMfunHwucS11vC8+1doBCwas49GQfOBks+T2m0cGrLL1fyKZ3JbMl1WyozrUvHkhievLSUFyfAB9MVUtYNm2i0rZGzPhQm1CdVMlDCiFpvb/bpcAWFC7TkfD/Z1Yuph8SCdKOkTSVkncuJIaftLdUZ0v6dgJgMpKoQtYi0vZW/wJ9R8gRl1gXVQYhZcn2VVTLtbwpzay5lIAa52OhlaxHJsPCR0E236yW7iFbAeEuwDu9uNeP4XfF7oh97O7pB1NJ1PtqLqi6gJWc2WIfJATmrk7LbpJubosgQy/pksBLPdoiLJ6P7/pVVfLvtHOTAxNYWLWeneAuXEmdrLQgt9b6aNfH30uYC1JHmP5XWu7HJfDFp/b0gQE/5w7mUwOoTftFmfmyACldQbklUKZigsIH25icdOs4FHP7co4ZrofX4V/Kf41wCrF2fB+kSGyZ9iLXUkHdMyML7MrzWBpgIXp+zRzPTg3zcTcuBu+jOktFmuVSZ/6aA8WsIa8s0c7aRWycoDn7EUmtxgd/14SCRhnz4axNMCCeSebNwBnbcJ3ai+L9nuZgLkWsGq7umyCqVc/BGvyJAe4LMEXSzp3DgBbImCxbcWsv72kAyu3agBWWF1IMrdIz+IJHqkY69YEZLUhHA64GV1xp9mlw51LV6gaUDvkUDfwDOFug59ZVZdQhEgICkJ8mRD2f0q6XNK/zMf+n/Idffm276t7TUmkwgWszjOXVg7dHBMy/3Wq2wBreavpAtg+kthElC7bHGKXuMOyjMEr+pTSXMrQfwOrDExsXVTNgVUuM7tJYneUowBW266KWzJgwYirSLqq+eyw4v9V31Hffp/6+1hfWFzG7uTLsaCtj8aBjeDA0gFrIxapTbJxoHHgCg40wGqS0DjQOLAYDjTAWsxSNUIbBxoH/gvFs/t+99r/QwAAAABJRU5ErkJggg==	1	2020-06-20 13:36:48.448775+02
2	data:image/png;base64,iVBORw0KGgoAAAANSUhEUgAAASwAAABQCAYAAACj6kh7AAARX0lEQVR4Xu2dCfC+1RTHv5nGlrGMspQWoYgsQ6mokCU0FMaaxr5lKMsINShbU9ZREskokrE0o+xrWlS2aDGEJMJkMGRtMJ/m3rrz/J/nfZ7nLs/2njPzzG95n3vvuefe833PPffcczeSkUnAJGASmIkENpoJn8amScAkYBKQAZZNApOASSC3BP7nKsyOL9krzN1zq88kYBKYnQQMsGY3ZMawSWB9JWCAtb5jbz03CcxOAgZYsxsyY9gksL4SMMBa37G3npsEZicBA6zZDZkxbBJYXwkYYK3v2FvPTQKzk4AB1uyGbDyGi02W8bpkLc9MAsXmoMVhzWwmrGD3dpJeIukNwTs2vssZ3zn1xABrTqNVmNcdJO3hnp0l3aWhPQOrwgNh1TdKoC9g3UzSLpIe6J7dJN2+rnab1OPPOiyju9Y820q6bU/23iTpWEl/6FnOXjcJ5JRAG2DdzQGTB6kH1DR+pqQ9q/83wMo5TNKNJG1VebYM/r6TpFsnNvlzSedLYkB5LkmsL7X45pKw+sJne0kAcRNdKOlrkj4r6axUBqz85CRQB1iPkrSPpEdK2q6G4+9K+o6kfSWhJ8+RdKIBVtrY3mYFGAFUgFNf+qOkX0i6rOaZsqV0L0kHu4nVt8/h++dIOkHSh1MqsbKTkoAHrKc4kAKo0B1Pv3Vfuuc5kOLnP9xcYi5cJGnHuh6NYWFtLOkmwXPTDr/zftN71c/6vAsvuenXkq4Inurff8rd4Aj1Pcl9+91C0l8l/dBZelh7/mFSNtGDJe3nvk1Z+kLfc8tZA64RBjRTk3d0AHV8TX3MkdPdA0BV6WmS3iNpsybrigJDAxYA8Z9Mwhmjmj9LunIFGAFU/x2DsQHbPFTSEa69j0l6lqRrE9p/tqQDJd3f1XGypFeaHy5BosMWvXtgRVV9Tt8KQOonDWztLemQwF/FLvfhTV0YGrDgA8D6l3v+2fA7n3f9rM+7YZ2US1G0YafF+K3xZfMRSc9wrBwm6c0Z2QK4Xu92PS9wSjDlJXHGrs+uKnbzWObx3Dfgni9rrKjHuf+twhd2uF/rrGxexxB4m7OyGwUyBmBNdXTadjamyvcQfGH9YK4/SNLfJAEunyrQMI56JvxOkr4pCR+IgVYBQfeskqXeXu55qKStg/K4OPxSj59/l7RKl9ghBKiYQ9A1DqgAq9bViQHWDZI3wKqfxS+Q9AH30Tckvcw5RXvO+c6vA1qnSnqIJLO0Oost64vsdnuAeniwXPeN/EzSlxxQ8bNKdbq0qVv6sdz39E4HVld35d4AywBr1VwBqAAsCEfqC7tOrMT3QkvrJEkHJNZnxdslcJ8ApAArNq884T4hDMU/hKWsohCwAD8sKp5NXCHCFbCoAL5eZIBlgFU3YQAMtpfxUUAAVd3OT6/J1vNleDjbBdTWxuT0rG/dXycImaXcNu4Jf+d/t6wIiF1bD1Bf7bJcC8p7wGIzBaAirgo6zQEVcYRRZIBlgFWdOKF1w6QFrPg5BgFUACfLDnaTjPpJwANHl1IEJH87AKmruhRqeKfaLruFb5f0xYQ6rytqgGWAFc6hEKym4j/K4VsMFQjww0e2QRR1qjJNsHzYb5zjhN38StLlwU//OwHMqcT5v7cGwcTfl3S0pFNSK/blDbAMsLwEpghW8JYKWE1WBlbjMWsCXLnwYlU9LP/eIulWwUvZ8SV7hUNIplAbqYpRiK3BqsW5vf8Ed+ZSx6VanmUmaXh8oCp+GuLJCKMw6i+BXR1QEe4AcT6UUwxQdnzJXmH//k6mRKpiTKYjEYx4XxF+DFJ7TCn2KXVcmsrT54OCM2v4WHAQG3WTwI3d8s+HKbDUfJ2kj2ewihs5MMC6QTSpitFtmKf31tR341LHpa08QPUaNyzsShLBT7yZUbMEnu7AygeQvsOB1b9dkTaZR8vWAGu9ASv0W3GG75nRM6lcwdTJ36U8yxnORxLJDx3pghzL9WqeNXNuEKe6X/IB7BynOrfSnS4yj5KAAdb6AtZUnezhRCbH1sWSWKqS5DCG+ihPaG19RtKLJ7Y8jul/rjIAkz87+hcHVGxa1FEfmffizwBrfQELheSbcirhC3UT90WS3u+2xVmGxFBf5cHaerekew8sm758xsgipgwJ9fDtcVgZIv0Pvqrfr6isWF8MsNYTsDgWQUqPH0l6xIStCBy45EnC0jmuRdualCRGecZYKsfwGQNAXcvcU9IbJZH7DCLRIhbWFzpUUKwvBljrB1gcKvZO5YdN3MFM8kOOdaA8bamgw3grAhj9Tmes8gBaKCmXfDx3gIyosXx2wI9er7D7x90AfKFBZF8gRxUBoF2pWF8MsNYLsFDCr7jlztQdy2Ql5ajIpS5ffJuyhICFwmEdQCnKQwoUlkCkr8YhXzLcI4XPNtl0/ZxQD+TmU31zfhSw+l3XCjLIfGVTBljLAiwUjBxSJPxfRfivnthzEg79Olvlr5BECpIwJckqPuqsrFQg+KjbPS3t60vlM2V8dndWlQ/+xAIHqPjCiKFifTHAWgZgYTlhsncNSwiXTDETsnQZ+oN/DT5Rpj4363hl8VZWqvIM5c9K5TNmTO7ggMqnEGIJjoWVmle/WF8MsJYBWEwyvhFZuuBQr064KUey1ykaO4PsEOJox+Heh0Iri/mdQ3lCf1apVDc5+Owjp1c5sLq5K0RIB3PIB3/2qav6brG+GGAtA7D8BGmynLjzjbNzpZQtZXJXy3rfFdvmhBb09RtVAYt6AJwtJK26yaetD96fRVwYV5zlpmJKXmGUecCXGrvDEKmu+cKjX7moWF8MsJYFWHXj6a0rshPU3bCba5LmqifGdxW2XQUsLptlWYmCkoguhX7swKrErmExJQ86HKa7/oG7nYakermpWF8MsOYPWN4iIW1teIOJ7xlJ03DCz8G6gmcO0XIpbV/fle9vFbBYVpKE8OWS3puomd7KItzBH+NJrPL64sWU3LUwZLrrYn0xwJo/YLVZJMUmTy5NDerxR2POCNIz922mClhcmsGNPygsfrFU4pgQl7/GAmpT+6XGiSUgfffpdIZId12qL/nz1aTOhhHLFxNy4T5xoy4XCDQp0Fz6xZb6152sUgJaq4DFrS/EnrFFv0eGsWj7gohtosQ4hUvAIdNdl+jLdXI1C2v+FtaqyTGXnOg5A1qrgLW5pN845z2bEqnkl+A/lbR9amVB+dxKPuQSsCqG3H25vn4DrGUD1lz8V36Ck63yCYkg4C3O8As5VoEAUrKTst0PEdt1rLPWtsu8LIzlsSouLFVSwOziPhhiCWiAlThpY4rnmjAxbaeUWcX3HPrkefRg0DeMoSo7v2TLAVg+vq1pfL7c4VRB17HNMVb+UDttEq3+6pFuPMrRl1q5mYW1bAur2MTpqoUjvOeXbDkAy8vPLyVDa6vaNW7j+WRklHjq0h2rCqC+n2Nq7HTPxeadAZYB1giYUrzJqsLEKtCqciSxq14+Sse41ILbY/qkWU5ZuodWFbFVnLvs03bdci4VF2Ll3ToxUhlrbWBGLxQTcmEZzH1JWEI8QwDW5yU92uWL+rQkYrQOjrjUAj+ZT4bXRx+raZ1zWFW5dCBXPRvMjT4CKjGxplRnMSEX7qQB1oYCHgKwSGZH2mAc3Pz0FKZZJjKe7KWrDhOHPjyfEqdtyqRcnFHdSKi2lQMTiulSDubahDuXz4sJubAADLCaAcsn/vOJAO/sbj3uOiSrZMtuJpYVyzksrZCwfg6VRDxZF+q64RDjq2oDqJC/XHhQTJdyMdhlUKb+TjEhF+64AVYzYPnUyqT13dvlACMXWFdaJdttJP1S0pVBwrtqvV3yk3XVwdCq6uqrAqxOlUSW2ZC6AmRXOVXfK6ZLXYUVy/icyhUTcmEhGGA1A9Ypkri8Aic4FyfwE8unK7XNibbPu7az6j1Ah3Q7Pj6ti6+qalVxqzWJHVNDRrr2p5hcDLBuGIJiQu46ypHv+R2mugwCsUuhSFYmU8yP5VWSiHQnuyppVLC0HtODy7Y50fZ5j6ZqXw2TB5LQkAPcgE8bhfFjpa2pOl6KycUAa/6A5TMI4OAlf1RI1Z2stom+lM+9wtAfgJwzim3LtxjFK6aYLofX6ZJ2irhuzPM1VmbZYnIxwJo/YNED8jztVXNjcdNO1lKAqakfIWAR0In/KkaJ2sq0fR4r55RLbmPDJGJ5jQH66LYMsJYBWE2ZDlbtZEVPmokXDPODkcUCik2V3AZIbZ/HiIprxbj4YrcIy4r2/HIwvDkoho+UMiXkcv1ApjC2pLLFhDyQkPwuEpHWpFSB/E7W1ZI2G4iPsZsJ079w686cAIukgJ9wdzFyTpFLRWIc5YAWh7RjyuYYv2K6ZBbWMiws3wscsztWLv7ESbvnjDKOpipMmB/MX1MVa2ENmWuMjQHAamNJ+K6eKumaVGGMVN4AawDBFxPyALz7Juou/ix9ecKA3evUVDiO4Q7qCYG11akid6B41d2IuebMgZLe55j6kKTnd2Vwou/lkssG3TMLa1kWFr3xF3+GsTclL0+Yms6EyuLBmmybPkVwnznv/WFXSNq6pqM5FPOIIDaMTZLDpibQCH5yyKW22T6DF8H3rIoUE/LAUgijmz1oPdadZ7tEEsdVlkzVcfRXnPk+953zLM+QX13AZuqc+aCk5znGXirpmIUMTKpcGsXQd/AWIs/abhQT8ghCqwOtE13Q5PHuFpkR2Bqkyeo4eisrFrBW5ZqPnTObOH/VPpKudf4qziUuhWLl0tp/A6zlLQl9j0LQYov7c5KwNqAx0ua2TsZML9QpSxiXFTPn/Q7seUHqYdiNUcxdXQaHnd05RJzrZ2fq+1SqiZFLJ95jBq9TxTN8qZiQR5RFNYgwvEWFS1Xx7SyNSgAWMiJaHmsrtFD7zhmuhz/KCZwNAZaBXBu2NOorl879N8BaroVFz8LlkB9rf5sKx3bwzSyNSgEWTvuqhdpVMbdwu4D7OmFzoSvnApdKXeXSu/8GWMsELCyro13gIT3k5mcCET1dLGmHSrxW78kz0QJNypJDiaoWqgewVXr0ZOdM31QSAbyEMJD7fcmUQ9a18jHAWh5gsWwhyyUHoS+TRM7vasbLunitpShQMWVxAvIW6qWS7uH+16RH3DjNzdPQaW4JyB2JS6diY2CAtSzACpO8cccfV7M3Hc/w8VoXuGvhxzrGkVt5iylLwOhJkvYP/q7qERYuvq7Hu3e4bguLd12o2BgYYM0fsAhu3M9dhrCV607XJG8+fcnJwfJx7kpVTFkqgmm6WTnMtEBmUJaA585dqD35LzYGBlg9R2JCr7P040qn0HF+hvsm75Lkja6gXOdIIkMAd+MRqzV3KqYsNYIJwyU4t3i4u5QiJofV3OUe8l9sDAyw5jlNwqUfx0bIpskS8KyI7iztrGExZVkBWIDV7sHnS1tm951WxcbAAKvvUIzzPjt6e7iHRH1YRlCXpV8Xjpd01rCYsqwALDJ7XhSk8MHHdUAXwS/0nWJjYIA1zRkTAhQ5krxvynPLjhOxPCk3/IY9X9KuYTFlaZgqyI57CVlWX+5ykPEqUfGHdMzBPs1ZGM9VsTEwwIoflJwlQ19IXb0s+zi+caZ7OMScm5aya1hMWSoCJ5AUn5W/1IKNC3yKW7podnyMOa3g3ONdsr5iY2CAVXLYutddBSyOa5xfGKCq3KXkEe/e0/JvFlOWgPUwgJQvD7KcVmPdqjdAv2shmxrlR3BFCwZYo4p/co1Xr5U6KOOyc6jOlgaspnCGuv5hZbFcxO9YpQslkc46drNkKHlOqh0DrEkNxySYAbSOc7FdMHSk88VMgrkOTJQErNCy6pPxgpARjuhwRKqOCC0h02g1rMRfiEqOdiN3m4gJwiRQJ4FwSTNHCZX6MsbCIoo9NdOFD/jlQPS2LQIe8wacSY19qUGdVCeNmWgJsKRhF4zbW+ZEc5vXqyywMW5unuxY/x/5H+9+G7iHJQAAAABJRU5ErkJggg==	2	2020-06-20 13:45:10.145852+02
3	data:image/png;base64,iVBORw0KGgoAAAANSUhEUgAAASwAAABQCAYAAACj6kh7AAAEIUlEQVR4Xu3dsYpdZRSG4S8XoGCjTWysLKy0tbGJlrGxVztvQr0IO4mXkDYJiAiSTkFCKktF0Ea8AuXAHgiicgay1pn1/8/AgSlO9rf+91vzMnvPMLkVHwgggMAQAreGzGlMBBBAIIRlCRBAYAwBwhpTlUERQICw7AACCIwhQFhjqjIoAggQlh1AAIExBAhrTFUGRQABwrIDCCAwhgBhjanKoAggQFh2AAEExhAgrDFVGRQBBAjLDiCAwBgChDWmKoMigABh2QEEEBhDgLDGVGVQBBAgLDuAAAJjCBDWmKoMigAChGUHEEBgDAHCGlOVQRFAgLDsAAIIjCFAWGOqMigCCBCWHUAAgTEECGtMVQZFAAHCsgMIIDCGAGGNqcqgCCBAWHYAAQTGECCsMVUZFAEECMsOIIDAGAKENaYqgyKAAGHZAQQQGEOAsMZUZVAEECAsO4AAAmMIENaYqkoG/SjJB0neTWIXShC76PMkYEmfJ8051zqJ6pMkbz0zsl2Y09+2k1rSfap/O8n7Se4mee049vdJvkjy1T4YnHQyAcKqb++vI6KK9YtJ7hy3dScpvX7GkR4n+ZKoziDlLTeKQNUX0Y065IWHqRDWm4ekTqJ658zz/Zjk6yT3k3x35r/xNgRuFAHCqq/jusJ6Kcnt/3m9muSFf4z9TZJHx+uH+iNJQOAyBFYU1pUgLkO0J/WnJN8+I6k/e2KlIHBZAoR1Wf7/ln6Sz69Jfk7yy3+8/rh5Y5sIgXoCKwqrntr1Eq57S3i9q3s3AhsRIKz6sgmrnrGETQgQVn3RhFXPWMImBAirvmjCqmcsYRMChFVfNGHVM5awCQHCqi+asOoZS9iEAGHVF01Y9YwlbEKAsOqLJqx6xhI2IUBY9UUTVj1jCZsQIKz6ogmrnrGETQgQVn3RhFXPWMImBAirvmjCqmcsYRMChFVfNGHVM5awCQHCqi+asOoZS9iEAGHVF/3g+PPFp//4wd9Or+ctYWEChFVf7odJ7iV5muSN+jgJCKxLgLB6un1yyOrjQ149qVIQWIwAYfUUevVd1sMk7/VESkFgPQKE1deph+99rCUtSoCw+oolrD7WkhYlQFh9xRJWH2tJixIgrL5iCauPtaRFCRBWX7FXv4/lJ4V9zCUtRoCw+gr1k8I+1pIWJUBYvcW6LezlLW0xAoTVWyhh9fKWthgBwuot1HOsXt7SFiNAWL2Feo7Vy1vaYgQIq79Qt4X9zCUuQoCw+oskrH7mEhchQFj9RXqO1c9c4iIECKu/SM+x+plLXIQAYV2myKvbwleS/H6ZEaQiMI8AYV2ms8+SfJrk8ySnz30ggMAZBAjrDEgFb3k5yW/HdXVQANgl1yTgi2XNXp0KgSUJENaStToUAmsSIKw1e3UqBJYkQFhL1upQCKxJ4G/BvVFRPFhHJQAAAABJRU5ErkJggg==	3	2020-06-20 14:07:35.944119+02
4	data:image/png;base64,iVBORw0KGgoAAAANSUhEUgAAASwAAABQCAYAAACj6kh7AAAOY0lEQVR4Xu2dZ+guRxXGn6DgBwt+ECU2NCpiV2LBil0jCnaJRuwtgr2jJrFgFxWMNfbee28YGxoxVsQuasTyKfpFUJSfd4Y72bv77szuzOzs7hn4kxveKec8M/PslHPOHCdLhoAhYAisBIHjViKniWkIGAKGgIywbBAYAobAahAwwlpNV5mghoAhYIRlY8AQMARWg4AR1mq6ygQ1BAwBIywbA4aAIbAaBIywVtNVJuhEBC4t6VRJpw2UP0PSmZL+OrF+K1YRASOsimBbU4sgcPoBsvICQVrks9Q4AkZYjXeQiTcbgf8GNXTHO6uvv7jfbS7Mhrp8BXvtJD+Ia+jvtyT2BS8/nvtaCAnrMj1bv5pjYRkENtRqjQnbIlw1B2m4Jdkr3kuPgbAPumdWNcfC0jisvv29TqCag/TQlmT1A2glCowdvKPGXufCSrrwiJh77SQjrFUN02zCDhHXXudBNmBrVbTXjqpFWA+R9JYDh761+tnaMQQ2gYARVtluPEfSiUZYZUG22veDgBFWub72q6vvB6S1V7zLoWw17wqBvU6gGlvCH0u6tqSHSTrLjaq94r2rSWXKlkNgrxOoNGH51dVPHWmVbq/cCLGaDYGGEDDCKtMZ35R0M0kPlfRWSUZYZXC2WneGgBFW/g6/haSzJf1G0lVc9UZY+XG2GneIgBFW/k5/haQnSXqlpCcbYeUH2GrcLwJ7JCy/AqLXS+j/a0knSLqlpG8YYe13cpnm+REoMWHzS5m3Rr8CKkFY/rD9W5JuHohtW8K8fWi17RSBPRLWuZKu5/o7t/4/kXQtZ8oQWrgbYR07wfrcZHL2h2G+QVLLOUDWAk8pZ+SuKUOIh02eo2iwJb+HpAdIItxLN+Uak4b5WmZkgpy5BkdCk4tnLUVYoaFouLpCYZs8R0w8MKLF3MOn17tooD48MTjlGpOG+eJTLb8AuQZHfsnK1HhNSRhz+pRL/0Orq70SFljfyv3dWtLxDnTMPT4m6aPBpUSJ3jbCKoHqwnXmmrALqxHd/KMlvS4zYXEWwyE7NlfeULQr0F4mj9/unSTpGh0QsE3DiJa/GmkvmNfAspk29kZY75F0ckbCurCkT0higr5L0gMHenbrk6dvu/dHZ0D7dUn8/azyqN865pXhbKO5vRHWecHWhB6Yqz8kxeHxdyXd7cBTUVucPOFZoB/NtbZ7MbNni5jH6L3pPHMn7JrA8edMbE0w6pxLWM+W9HxJ/5R0U0mYNAylLU6ekLA+L+n9Fbd7MeNui5jH6L3pPHsirJzhXu4t6YNuZNxH0odGRskWJ0/rOrUu36aJpZRyeyGsnOFeiHH1bUkXk/QcSS+I6Jw5k6dv6xXR5AWylFgBzdEpVf4p+VuXb4pOuy+zF8Lqhnvh8Uxu9y4niXOt2HQbd8t4dUnvlnRKZME5kycHYXkxiX762kxbtzk6RcI2K1vr8s1Sbq+F90BYfeFeuLXiHOsOkr4U2fkvlvR0l/cdzgjy35Fll5483OKdGoRqzkFcS+t0CPqLSzrfnS/yb0sbQWAPhNUX7gUL60dJeryk10T0JbZb2HCRXiLpGRFlwiytTO4ucb00IOFElZq23r+qpF92YpKl6jeUf86Kt8TWPJdeq6hn64TFtu9HzmctDPfyOEmvlvSGgIiGOsyvrLiyf7ikr07o2VYIy4sOcXHDeVlJ6PfMDegUqkCkDEL7cNYYugJNUPMCReaQVVgRN8rES6tlRDtX72bKb52w3unOmVhRPSZA/faSvugMG3EfGUqcWX3F/XjbiWRF8dYIC5nm6taiTr4f7ynpw84FCEfrXGmuzlz+ENSRiB4k3MTYARhxRfbQlgnL3wz+ysWm8g62QMPK4k/O0LMvYgB5WJ1BatedsQrx3TB3oEd2Z3I2v3o8ZKU/VGmrOiEvH6czI1fQyaBlKMAKl6i0nrhynClmEKv9KrZMWIeiJ4yteiCrT0m6kXPS5Ys9J7U8uafKNrXcHBxjy57uokA8z/03tlztfN0zRdsqjvTAVglrLHrCIcIKyep7ku56wOUmdoC3PLmnyja1XCxmc/L5S5XHupXWnLpqlO1uFb/s7Pu+VqPxNbWxVcLq2l319UnfhOOLxwE0t0y5yGpsNbf0ePHnfKmH7y0TFqFr7i7pXpI+sjTACe0z/p4g6TquTGqfJDS1zqxbJKw+u6tDhMUZFudbz5L0QpeRSfyUDCsr327Lkzs8fOffsV/1lnUi3A/+nYwFPl6piRXP/VyhD0jqBmRMrS81f2jz9wN3UD/ldjq13ebzb5Gw+uyu+jrCn3OcIen3blD+XdLTCtzatDy5wcZPELYi3KDGpJZ18i8XXU0Sly6xieOAlw+ECaJOonLUCpfDx4OxfANbbR3tvq0R1kWcsSC3gKHdVd+AZXDiohMmQviW+Jq2PLm9/tirsRWJxaBlnYigcVFJl5D0j0i2YjwQcYLoqJDci5w5CiutO/XUQdRUjI5Lr3zC1RbbW25AwxvvSPW2kW1rhMXynegJU/z87iwJS+QSae7k5mvLNiUMEPhDSayIcoUaHnqibAiPuTqVwJk6ryTpt85s5fIJjUAG2GyxJYakuqQQhny+nTN78avTKYa3CaL932buVc7EZki+lPpWm3dLhIXLDNs5tnWsrn7eUK/Mmdx86WNcgb4j6ZOS3u4m6xT1+x6BXRthcdBOuJ/PSrpLJAgeY1aZ+JfGrGDCfsFeD7uqQzHRIkUZzBauAHNeCM2Vq2r5rRCWNxQEPAYpg7WlNIWwGKD4MHobsO6NkY+fztfev7PodWaliYP2pxNBiD3/o9opOiWKMyk7Fyf+AoUgi2OJLaDf1qV6M1AWf0zs9diGskodi402Js+h30uY3MyRp3rZLRAWWzlPUEQkCB+ZqA7oQIOpkzv8mvLVx0l77PYOon6QpPsGMnBFjs9kbPI3rGw3rz9SKFWnWBnm5mMsMCZiTRrwOcT3cIpTO7IS1/9tLlQ2/x8bI22qniFp7W57uHbCIi4VA+5Skl7mtoRTB0LJcimTe+6AJMYXxPVUSZc88JLPkL6xssbmK4lrX91/kMTZ1ZUl/W6kcb+tw/QBsp6TfMhs6uAM9cGSYsMPpbYbftC6frKpda0q/5oJi07jxZqbuHDF4cqitU6Indw5l/wYIZ7lzvSI4xV7+8kNGU+W4ed26KWbWJ1q90WsXHOdv/v0InQ2jsxEo8V+6rnOxasEBkORSEq01UydayWscGJ/zlk1/6sZVI8VJGYS5SQrL0FoDEtkAEKajBGXfwqNc0G+3mtLMVijk7fwn7oVHMKFENqs9tmW+tUWq6+x1d4UnFPOHKfU31yZtRIWt2H4+K3ltmRsEpUgKz/YUkOa+Mdm3yvp/s2N2HGBxrD2NcTmG2+xPwc3u8T7v5Ck/0iCtLg4yZlSzhxztrtYXWskLILuPVISITk4aI65gl4MYNfw2OTwX/uSBAxxcfXOCoCEDRc3al3DR+yNWI1h4oBPZV+CYLngwFugtTSGNfL67TJ2d34lVEIPbMIgLd6uJNEe23MuNXKlGH1ztbV4PWsjLIgKwiLd0JHW4iBGCHBoUPnJA0EQHbM0AUNcTxxxsB2S1xPVaU5n3JpaI62xCYwOHLJDxmBfI3geuwFC3eBmw9EFkWuJQZYjjembo41m6lgTYZ0o6RyHHPHY39gMiuOCHCKA2pPHSxu6fGAtz1bQk2WfvGEkC+qArAiSV5pgx9E9miMmMKP3IZ0StDBFlm5etoZvdreH/DYnnn5YtxHWnF4pVJZtzPvczRVEBWGtKfUNqvDcqvbk8diFLh/hdtTLi8cA7iqEajnBFcodySJnP8aEvva6+SgdOduPqYttOYflJGzG8N38c0zBgTxGWDPAK1E0vCqGtE4u0UjhOruDquQhe6oqXVl4nAJzkW4iZAsrhBpbqFQdfP6Yx0VamOB3dFheQRJ2Y2wRvzBR6Rb0mSh6erHWt4Q1jfHS0YsvgekFHv98TQm97KMClDxkj5fuiN0Vh+9MoDD9wsmby8E6RaYpeWOeb2tlgh/vSMv7OxJ/za+8UnRvRZ8UmSfnbZWwars7TAYwsqCPhMAt0d/cSz4tuFXgfsPXnT9C83RTq+NjCPaYB3Jbm+DeaR+dcPGhLzCDiE2t6RMr96R8LQ5IDtfxf8O/q4ZD6STgJhTyA4uitW4Eh8TkXOoRkk4KMnCegtM0V/HcArY4NsZgJ74ZW1zck84byOz7oaVLg1PcaouPBt4FrLTGDHy9ekZYY6Oi4O+h2QJbFM4kSobsKKjKMVWHhFXrOj2M4XRj53ITCsYVO+dS/J1bE4xCbcVO3pC0WjHLIOIGNluYQJBi3yyM1bkQ5HWrbekr6g1CQWCNN4FjPQcBE46E6AvdcDBjZWN/DwmKB2JZafSlsyV9XNKbJJ0fW/kK8sVO3jDabK2PRyx8XQPfzzifRAylu6mWAWys7MXztUJY4cpqbTZWsZ0UrrBiy8zNx2OxPgY5/z3kzDy3rRbKxxIWsnIJwmUICbMSXmRuyaYM4uIgno8QqW9e+Muc1ki32FhohbBQkBUWK6u+L0kxACpXXJq0aj+UUBm+7M2FxrAtXIL0KTi08whXiS3N4+ydFFa4G0WLomiVrxmBMLYUenCTi9lJLXuzsY8YczTcgfioG1d0lyMtukcVGw9GWMWgtYpXhEDXR7I10Zmn3J7jj9iNU7+Uxf4iGBlhLQK7NdowAmwTCQbZ97RXCbFT56B/5BX5UsuWkL9qnbtTuCq61pghYAhkRcAIKyucVpkhYAiURMAIqyS6VrchYAhkRcAIKyucVpkhYAiURMAIqyS6VrchYAhkRcAIKyucVpkhYAiURMAIqyS6VrchYAhkRcAIKyucVpkhYAiURMAIqyS6VrchYAhkRcAIKyucVpkhYAiURMAIqyS6VrchYAhkReB/C+XJb6y0Y6QAAAAASUVORK5CYII=	7	2020-06-20 15:30:46.44014+02
5	data:image/png;base64,iVBORw0KGgoAAAANSUhEUgAAASwAAABQCAYAAACj6kh7AAAMo0lEQVR4Xu1dSQg2RxF9OXkUL4obqBEPbhFcLmqIiZoICkY0opiDCi7xYKJCEgJGwfWgUSFuaAIaFBXNRUSDa1wOLuCWHMSooCh60qMn5Um3dCbzfV3VXT3T3VMDP//P/1VXV72uftPTS/UF8McRcAQcgUEQuGAQO91MR8ARcATghOVB4Ag4AsMg4IQ1TFO5oY6AI+CEZRsD/wnqHFdbXF2bI/A/BLxj2QXCawHc5oRlB6hrcgSWCDhh2cXEbwA8GcA94W87za7JEXAEDjHC2vITLdb1OgC3e3w5Ao6APQKzj7C2IqznAPihfw7aB6hrdARSBJywbOLhQwDe5oRlA6ZrcQROIeCEZRMb9wF4nBOWDZiuxRFwwmoXA+nqIGuZ/SXQDsk+ND8UwDUAbl4x51cAvgPgTgA/6sPcY1kxe+faYg7r5wCenoTN7JjO3ENIVl8CcInQycsB3CWUdTEDBGbvXK0JK46ufpGQ1uyYGoRdtyreFUZW3wfwSgD/WFjKxZUrAVwG4KLwm68Kb9ics3eu1oQV9169HsBnfQ5rw8htU1WMl4etkNWyRhIV2/xbAK5oY45rXSLghFUeE3F0FTeKtibHcku9ZA4Bfgr+XfnCKSmTs8N/zyDghFUeIt8EwDmM+EnghFWO5d4l46fguwHw35KnpIxEr8ucQWBmwmp9tm9JUE5YY3a1dKQk+RSklyVlxkSnM6tnJqw4AiLkLfx0wtonmK1fDNqREkfUNwJ4PADNiGwftCartUVH7gWiGNgtCCuO3tIJV+uO1AuOvdlhjbN0op1t/nYATwqAfB7AOwST873hN7Q9RyGsxwL4k2FL/TYELlcHY0oZ645kaO5Uqixxlqz0UYYbSeNeO7b9h/2A+z4xdRTCejmArxpBvFwdjGotO5KRqVOqscR5uXASAYv7rV6aHLniXrtbnaj2jamjENb7ANxkBHW69yqOrqjasiMZmTqlGkucU12RpF4M4AkJcj8B8Bknqj5i6SiExTfpiwwgPzW6csIyAFeowoqw0jnOZdW/A/B1PzMobJENxY5CWH8B8OhKXLmUzbfthcneq1SlVUeqNHP64lY4LwnLDzYPEDpHISw2RY2vJCu+cZ8J4A4AV6+0rVVHOhU2nPy9KmxWXZPhEvvHD7BqZYlzy5XkAbr/eCbWdOLevV2+QWt85RL2awD8DADnOJaHYlt+Ei5Xqc7h/msAbwXAw7uzPpaE1bLdZsV/V79qOvGuhgsqj4HN5Hr8jOP+mXsF5ZYicd7q9wCefWYEY92RaMdHAgHx3+dWqTgC/GTIJEDZD4TNjQXuPqBIC79q7OrNnhpfvKwSgSMQ1hcBvArAm0OnVkKEU6uCSz3WHelTAN4AgPNv7xSuUpGorg+G0e5bhOXOYWLtlxb/1jjX2uPlN0TgCIRFovoEABLXq5XYnlsVbNmRSFQkLD7PCKMrqenPC1s4mLOJD+fcuEN77TNWotMJS4KSy2yCwKyElR6d4eUQTAHzNwCPUKLKOaGnnFgVbEVY3FHNLKZ83gjg00qbo3h65u3c3FtOvRNWDiH/fTMEZiWsuIM5Hp25G8BzAaRHaXIgx88r5vB+fk7YaOMoSYarfY8KREXCqnnS1c1TWTRz+p2wcgj575shMCthLTtZHHHx7sCLBejys+q7Qe5SAN8TlKnp2CQWXhXGlUg+HwVwraBOiUiap7wku0CNXxL7tDK92ZPbbqLxb9b+qMHgrOysAK0F9V8BPFy4WshRFYnqgwBuEKJd2pHSURBXNN9rMFG+NLkmO2apX0sb1jp2SfxZ2SNs1pNiy5dMrb5YvgQTq7q71zMrOGtB/QXhamEcjXGV7amKFizpSClZ1cwzScyM9kmT1EWdJX7FsueuzCrtoDX2SHCSyKSjVquXTA9+SXzfVeZIhPUm4WqhdBvDsuG0AbclWdHWmKhOS4xav1KyiqcD+H/MHcYrtG5PgCvRXVLGupNx1ZnxVDovuGZPD35Z42Su70iE9cSwWsg3IrNFrj2abQw1hJW+obUEUhoEKUFq5rJKOlJLMi6xpxSztXLM6sC5UF5awRF46XaRmvix9GcoXUciLDbMuWDPHW7ONaymI+Xuv8vVVfp7yVyW1C9ux+D+Mf6JTwsyltpTitGpcrFeJu/jVhn+zf1tVs9eflnZv4meoxHWcrtDBFlyuDnXIJqAK51Pytkg+V1jZ47kY33pRtf4f60OY2vtl2AikYn1/iEk9eM2Gcvr6vfyS+J7NzJHI6xT5wIlh5tzjTZKwP057POSpo3O+RWPEBEfbnKt3TvWK84RB9rHNEM8V2r55HC2rGtYXUcjLDbU50J6mDiPIz3cnGvkUQLuGyGZoTRt9Cm/uE2Bn0ScG+RTsis/JYEcvq1/z/WF1FbNBmSp3aPEj9SfJnK5RmpS6QZKc3NV8Zbf1JTaIBwl4N4TzhpK00av+fXCsOpH/EiAPJzNbBLapyfCou3n+kO09Z8AHqJ1VCA/SvwIXGknckTCimimneWKpAOWoj1KwL0sXMghTRu95lf8v3jrdSlmJeVa4CzRGWWkpyW0vkls0OqcTv7IhGXdmKME3GMA/DGkrZGkjT5HWHvETwucJTqjDOfsuAfL+pHYYF3ncPr2CLgtQNqj8feosxRLja1LWU3ZUvvOlWtRv0RnlGFG1481cExiQ4Nqx1I5I2HFjX28VOBpGzbHSAGnsfXUPNNesaOxXdr8Ep1R5gUAvi1VrJCT2KBQN6foXkHXEk1mPWixsS9n80gBp7F1jbD2jBuN7bk2W85nSibdHwmAB+mtnxZ+Wdu4u749A6+V878EcFHIf2W5sS9n70gBp7FVI5vDyOL3FvZIdEpkavxrrb/Gtm7KzkhYezV863qXI52aneQaWzWyWwR2C3skOiUyNf631l9jWzdlnbDsmqJVwMWNrWuW8iaf9wO4TemGxlaNrNKMIvEW9kh0SmSKHAqFWuuvsa2bsrMR1l4T7mxQy4BbyyN1OYC7QuQsk8dx0yYvUZUSl8ZWjewWgd3CHolOiUyN/63119jWTdnZCGuvCXdLwkoPYlMv80h9+QQZcfT1FgDMlMCHmVKZsTSX0lnTOTSyWwR2C3skOiUyNf631l9jWzdlZyIsdnTecsOMmtYn6SUNZhFwpXmySFzXhRt+aGvuIlWNrRpZCU61Mi3skeiUyNT4pj2UXlPXsGVnIqyYcYE3IPMuwq2f2oBOyao0k2V6keqdYUf2WoI5ja0a2S0wb2GPRKdEpsZ/7aH0mrqGLTsLYVllXKhpyJqAtriOK9rOG394xT2zYZ5KoKexVSNbg5+0bAt7JDolMlIf1uS0h9Jr6hq27CyEVZqH3bLhSgO69DPwnO05AtTYqpG1xPOUrhb2SHRKZGr81x5Kr6lr2LIzEFZNHnbLhisJaNp+E4ALjS80oF/niFBjq0bWEs+jEZb2UPoWWHdXx+iEVZuH3bJBtB07zSl1R0iGZ3WhQfTr1GUQGls1spZ4Ho2w6G9vWG/Rnqo6tiYsNsgPAHBCmJPj/1ZZe39hztXcEo7hsMNfXaHLoqgm2NLLIGoTB+ZsX/s8jAkMJe2v8StnS6+/S3yUyNT6t0UdtTbuWl4SsJYGxgahzn8BYG4hEhfzM2ke7u6ONzJ/LawKWo9ONPZo347x1hzNdVtae1L55QrkJeFHbgG5BsDNZ7JtHqETSXyUyNS0kTaGausasvzWhEWQXhHyf1+WIMYtCSSvH2dQZMcjwV0Z5DRXybduIE1AR1ntLcw1PrwEwK0ATiXt2yMWavzZuqymfUtt26KOUtu6KLdnkPLWEV5ckH7Kcac2iesrK+ikowRuEL1WsKN7S5A1waaRrfUhHdWu6ao5RF1r20jlt2izLeoYCfMH2LonYUVjeN0UU86SvB4c/pP7h3gdeLzWPLdM30MjaIKtZoTFW2ouDn+eFVYYJf4zoSFfCJw/ZF7yHtpeYncvMpr27cXm6ezoKWgfFIiLFxtw0+Pa0+ImYatG1QR0nMOyqvucnp7aeAt/vY6JEeg1mElaVwFghoL49P7poiGstWwM0jC7D8BPAdwd/twrLehyjsDoCPRKWCPiqiGsEf1zmx2B3RFwwrJrgpp5KTsrXJMjMDECTlh2jbv13io7y12TIzAIAk5Ydg2V7l53XO1wdU2OwP8R8I5lGww+j2WLp2tzBO6HgBOWbUA4Ydni6docASeshjHghNUQXFftCPgIy2PAEXAEhkHACWuYpnJDHQFHwAnLY8ARcASGQcAJa5imckMdAUfACctjwBFwBIZBwAlrmKZyQx0BR8AJy2PAEXAEhkHACWuYpnJDHQFH4L9EuLNvK1fWOwAAAABJRU5ErkJggg==	5	2020-06-20 15:35:05.485586+02
6	data:image/png;base64,iVBORw0KGgoAAAANSUhEUgAAASwAAABQCAYAAACj6kh7AAAPUUlEQVR4Xu2de+z/1RzHH2FzGcvdUBsqlsqtmCiXXGKECBP94daFRUouoVhyHbJGF8RK7n7kkgi/FomVa8otyqQWUsxmNo097ZzteO/zfr/P+33O+/0+7/f7dbbv+vb7nsvrPF/nPN/nvM7rvM42WDIEDAFDYCYIbDMTOSXmf4A5yTsjaE1UQ2AeCMyBAO4KXBfAOQeZ56F9k9IQmBkCc5j8ZwIvMMKa2cgycQ2BARAonbBeCJwOXAHs6PpfuswDqMmqNAQMASFQ+uS/BNgdeDFwDLADsAtwuanPEDAE1odAyYTlV1c/BPYAPgE8DzgMOGV9qrIeGwKGQMmEdSmwq1tdaVt4KHAy8EngwAlVd3/gA8BjJ5TBmjYEVolAqYTlV1eXOdKSckQU+v9rgXtMpC3JcCFwe+B8I62JtGDNrhaBUgnrXGBf4EXARwPtXADsHay6xlTc/sDHgdsANwKPTLSlya9sDnbEMTG2tgyBRgRKJay6yVy1a42l3rcDr3ON3QDslUhWqsoIayztWTuLQWBuhCXg/clhdfU1hFLUxhHAbq7yP7nf9d/UZISViqCVXx0CcySsTfat3IpTG0c5F4qw7n2ArZkaM8LKBKRVsx4ESiSsU4GDgdOAQ2pUUT1BzKUxnUqeADzNVfhL4LbAdsA7g21hjvaMsHKgaHWsCoHSCEtEJcJSku+VfLA2pSFsWQc4A78I6hdOjucDDwW2AM/KPDKMsDIDatUtH4GSCEse7bJPKWllpRVWUwq94OWnlZLeCBzvKjgLOBo425HVxcBTgRx2q1BGI6wUjVnZVSJQEmHFbAVDJeVYZd0C+BiglZTSm4C3Ap8CngsMRVZqywhrlVPOOp2CQEmE1WcCp5wYylNddilt+f4BiAA/BxwJvAeQ/erRA6ysvL769DdF11bWEJg9AnMnrL4nhqFf1XmOpH4O3An4LbCts1nJdjVUMsIaClmrd7EIzJ2wpJguJ4ayk707uFJTPfl7P/AK4EvA0wfWuhHWwABb9ctDYAmEFcbM0nWZOuN4eAL5A+D1FZ+qhwSnkk0nlLlGgRFWLiStntUgsATCkrLOAA5yd/3032ryBn39e51/l04F5X91kltlDT0IjLCGRtjqXxwCJRFWCriK+/49F+BPwf68m4Ou1shjXVEWlOrcJZ4JfB74m6vj+hRhIssaYUUCZdkMAY/AUghL/fFbw03aPQc4tsERVVvEhzlye+9Iw8MIaySgrZnlILAkwpJWngh8PVCPfv90JURNVXuKwqBTQ63QZAMbKxlhjYW0tbMYBJZGWF0Vcy/3wMXNgf2Ar3StICG/EVYCeFZ0nQisnbAUkE9e7rqOEz4lNsZoMMIaA2VrY1EIrJmwdD/wy8BN7gmxq0bWrBHWyIBbc/NHYM2EdRHwcOeP9Y4JVGmENQHoHZv0OmoqFmMn7disZa9DYK2E5Q3t3wf2nGh4GGFNBHyHZmMIy1enq106YQ7fIOjQlGWNQWCNhDWloT3UiRFWzAgtP081Oq1iuOkZOCOuAXS3RsKa0tBuhDXAIC6kSjkpv8y9VC6RvgO8a+ST50KgGE6MtRFWaGjfCbhyOGhba7YVVitEs8wg4joceJCTXifQChA59qHOLMFrE3pthPUT4IETGtpthdU2Ipfzd9lJFQxSPn46iRZpTXG4sxxEgTURlje0/zT4+k2pTFthTYn+OG3LXirS8hFtP+NWX7nDbY/TmwJaKZGwupzMTA1hCn5GWFNrb7z2ZYpQ7DVdwj/fhd820uqBf8qE69FcVBEjrCiYLNPMEFBEEd1rfczAbwXMDJZu4pZIWN160J57ao/2OgmnXGHpS/8o96MoFTsEQq5hTLSPmmFyiLR0X1XvCNhKqwfGaxic33YhkRVhtCSj59iEtRewP/BkYOeWsTK3cbFpVV5qH8KV1luAN/eYt6stUqpScynkKe6L9mvgfrkqzVTPkIQlY6/i1yvss34eDNwtkPtq5yd0AaCfy93fhpQphK1vO5rs8nU6LlIHpY5v9eM61wfpxexZM1dopPit2WQzeA7wBuBtrbnHzdB30lalrJKT3DbuvqErIqVzgS8A363pai6Z2pDs2k4bUVWJqWv9bfIO8XetrES8tsrqgG6pX6AOXajNek9AKwml7YA/5qg0Yx2pk0rvKr7cPUdWFetaQD5nPwp+YhwXU2WKhadrO+GWTxP8gxGrkq5txMqeK1+4ylryPMyF1//qWTJQxwAnAPJ90SvOpaWUCRW+q/hXQCGeu5LTJjxSZOqCb2w78hr/iKs4lqi8HLFtdJE7d945yJi7z0n1LZmwrnCnX7JjKaZ77lS3TYnFtM9g1apKr1LLJqWkQwQdJuRKfWTq03ZbO8JW/fRBFfcFvtGxIW1/VS58lKRjFYNnb8NhcAHm1kDs5JpbvxTm41XAVwG5NeRO+vKLKHasqTjGkNp1sIarqh+7BzO2Zu5YV5n6Nt/Wjl4w0ktGeoVbq+Q+kQ/CR0lKHedtOPTFd7HlSlVkCuB6sfmLrgI9KqHHJXKl6pf/TODVgT2liyE1drCKHI8AdnOdqL5WnatvqidWptQ2m9rRqvG1wM+AJ0TYqppkCR8lifmIpPara/mx8O4qV7H5l0ZYdwB0V3B7QDYsrUpyJW3H3ucuT9d9+bsYUtsGq9rT6ebjXAe+5VYbuVdVIT5tMuXCsq4d9Vl+c0r7VF7m7tt2l49I3zb6lhsL777yFVduaYSlFY/sHgpb+6SMaIfbsS3AYQ1f/thB2JQvbO9SR5R9tkVdIYiVvWu91fx17XzTEXRO25y3NZbooDkW3qn6Kqb8kgjrJcCHgH+6aAxyFs2RwiP1mO1Y7CCsy6c2XuMEj2kvRx99HbGyp7a5qR1vcxJBPyC1gZmUHwvvmcDRLuZSCOu+zu/o1sBLgQ+3dz0qhx9QilJ6euQWJXYQNk3aa9xKccjt3yYAYmWPAq8hU7UdrYJka9SdxpJP9VL7HbvSzN3OYupbCmH5I2wRy0EZtaOJ1RWj2Elf4qSNlT0V4rCd8EJwbv2lyhmWD1faXcfEJjn8ijK3+SJnn4urKwfwU3dK7gW6dvMHZxC/YWKBYid9ddL60CNTTtpY2VMh9u3o5M5HL7jYuaCUdq8uPEgJ+526EtQrO7sAOgUewz6ZqrMiys+dsB4BXOiQfAZwdgGoxk76MJ//feqQI7Gyp8IcbrV1SFIyWfkPib/zJ2dUreiV+p7ceg9+kZZ3V0nFdBXl505YPnSM3A2OLERjsZM+3GJI9K5XT4bobqzsqW2HfdeNBPnLlbiy8mRV/ZBoOyfHZE82XU81vQnDVlcdR9KcCcvHaL/EBUTr2PXBssdO+iphlaCLWNlTwQv7nrq1SpWlrrz332pa9XonV9WhKBiHRhLvWDgPhc1k9ZYwSfp0vpTHUDfJHjsYjbBAj47u0WcADFymS7wqObue6FwxtFqUD51OlOuS3w6asb2HEudKWKU8hrokwhpzInmyLnF1FZ5axsaqql7Z0gOqul5UTconm6vuoNp2cCWEVWqMdg//XFdYmkg6xBh6IpV+KdlvBfscBKhvuqytAIqbnH79TYwpT4J70EQ5Rea2wrqli/1UymOoS1lhKd67nlb/XeVBiiFGqjc4q+4Sx1/octHnIKDuPqRfweoeqj4MfeoeQh+zqnOKAZNyOqZgfM928a0U56rENMcVlmJP6ZRVYXmOGhhUj08pD9qG3c21LQ6N8dpWatzK5ca2gomDa2zCqpKVFz/G/0h2gaOBvwBaEfwqse91xSVjCi5zJCyFU9aqde+GeO+54Pb4jEGOXWXO6W4g/zJtAcNkW8GuGqnkT5mYfZquTubwySPVVxdZUtERFMdbSc9Uece9PjK0lYklnCbCi9nulHRKmNrnNkzDv/u2xiDHLnIpb24cwqi0JfjZdcWjuPxTE5YAqYYarp4cKUzM1xxyeuLp5IFRTB20seXXTlhjj72YYROru5i6NoXQLrHPMX0pJs/YADYNCH96FHo+6y1BPUl1Z6DuqDgnmOEyvi82sYO+FMLyBvexbEqx+OTUa2xdOWRLjfUfK+sq8/WdlH3BahsQZ7hoCwqPq7DA8mXRNvGz7n3Bvu3GlAsNpSm4tPXRy1IKYY1pcB9i2xWj29g8sboL62t6M9G2gbHIR+ZLmZiRTfxftjajppR/intS3RfU1RutAv7Vp8HIMjlD88YO+pCwYh0UI7sTnU146+OgqAlj2ZRi8YnuRMaMsbLpNFEP9OpjuikZUWVUSljV2IQVe2x8FnCgE1T+QQcM7LeSKzRvbP/ClYZ+n+qBBO8kqY+EDjbWnup8sIygChkZYxNW7JbAE8ifgbu4i6V69mmIlDM0b9sKMpQ/XGFNoYdQF1MR5hD6TKnTE3hbHboHqEgOFseqDanMf59iorQtu/0qRbG9Hw+c5y6Wdg3hEQOV2tIVChn1c9xra+ubl+l2wN8DAafQQ+zHIwbHpeSps0cZQRWi4SkmStOk3nQ5NKd9KYRdN+xf6f4h15NgsYQlj+ffTExYY58OFjLkTYw5IzAlYVW3IU2xvf0Jno7e9Thm6j2sU4GDgauBYzMu7T1hyeh6XIPHvALWyV3Dpyn0MPbp4JznicleCAJTTJRND1uGZFV3S94/Xx5zjacJXhGVCEtJsZgUkylXinVVkD1O/VEay/+p2scxr+PkwtfqWTkCUxDWpteRY0J6hNd4+oT+kKp3B+QmoXQIcFom/bc9YV9tJrxqNNWdutjtayaIrBpDIB2BKQhLUlePj+uOk6s9DFdiXVdaKnuOIy0RlQgrRwqfsFd9MQ8LhKdRY/k/VftqhJVD+1bHqAhMRVibjo9jZQlXWrGkFRKdnpXarwXlJu9lX1R2qjsCh7t/kF1N5WIC4MnvyRNmbL9zDwwjrNyIWn2DIzDVZKkSQlc5qlEemsqHK6BNW8kYcmpTxEkBccX0RQ8W6FkypZj8be3b3w2BVSAw58lSJZpNzo/h/cAtzpu7esJYNZR7xR/vtpDbAvcB7u3+q993Bm4VjBB/KhhLQPIx2xXQRe+dVjHSrJOGQAYE5kxYvvsx3smb4murvCcrndgpIKBIUISkH73M05RUpy5rX1bJFIPpjYCIUK+ryGHVkiFgCEQgEDO5IqqZNEvTlk4RHkUKWzdIWLeyCrNe5eKcK9b5lZXfdW3Ip672oJuAmzUELJwUUGvcECgVgSUQVgq21wO/byClf6dU3lJ2T+CiAeu3qg2BxSHwXxIGM37BYHuwAAAAAElFTkSuQmCC	6	2020-06-20 15:36:12.501518+02
7	data:image/png;base64,iVBORw0KGgoAAAANSUhEUgAAASwAAABQCAYAAACj6kh7AAAQQElEQVR4Xu1daexHxxQ9Dd+IRCLEFmtqp7baqV2R0NqC2sUWQUqstcUeoeGDIpaotVpLqH1XsRSlttBaiiK2WOIjISfmypjOe2/mzp23/N6d5J8uv5k7d86dOW+WO3eOgCdHwBFwBDaCwBEb0dPVdAQcAUcATljeCRwBR2AzCDhhbcZUrqgj4Ag4YXkfcAQcgc0g4IS1GVO5oo6AI+CE5X3AEXAENoOAE9ZmTOWKOgKOgBOW9wFHwBHYDAJOWJsxlSvqCDgCTljeBxwBR2AzCDhhbcZUrqgj4AjMQVh3BPBoACdUwD2HXhXqeFZHwBFYAwK9ieGVAJ6laGhvvRQqHUSRqwK4SfR3AwBXKmiZ26MApMos/wb8alwlZt0AuyyAUwAcHxQicT2nVjnPb4YA7cEPx4kNEp20GsBLipKsJDmuFbj2AIuD4zQAxwD4HoCnAfhChU6e1RYB2uNMADcH8HcAXwVwTvj7NoALbKtzaQUIOGEVgJTLYk1Y8eD4IoAHAfiDUjcv1o7AvQG8CsB1AXwTAP/b7dGOa4sEjpHfBwHnAjiqRdjeyloSVkxWPjiW7Uncq3opgIcGNU4H8GQnq2WNEmp/EYAXhn9/LYCnr0KrjShhSVhiCCerZY3/7EBWFwPwLwAnAeAeoqd1IBAvB28H4CvrUGsbWlgRVjzNvZx/yRcxPt1H+NG4faj93YGsfI9qEXNkK+XS/IfRL1bjbz0t7KyJBWDxUvDFYdB0VtvFJwjE7iNnA3hJ2Gh3oNaFwBPC6bloZTH+1tXCztq0Aub7Vp0NVCCem+rPDPncfaQAsAWzvAfAg0P9FwK48oK6bLLqVsKirxW/Gr5vtYz5HwXgbQB+FzbY3X1kGTuU1vpbAJcPmT8J4NjSgp7vvwi0ENZtAZwVjmhv6PtWi3SpHwC4Xrj69PZFNDicSrlaeFLHLQ1eT3srgF+HmdXLATzvcOCbpyUthPWa4DntR7Pz2CqtRQYASYtXbDzpEYidnXvtw9Iv8Q4Avh/sdX8AH9CrvM+SLYT1EwBHAvCj2WX6Dm8RkKhIXD67arPB6wA8BUAvZ2f6xf0CwJ+CqwlP0q/mtwzqjaYlLFkOngfgWvXVeolGBF4BgP5WnwNwl0ZZey8urgZ/AXDtTlsb9wNwBoCvA7glgB+Fpfzesa9uv5awfDlYDbVZAfpbfT5Iu5Pf02zGVVwN3gvgIc3S8gJeBuC5AL4B4BYAfBtFCbSWsL4L4Ea+HFSi3laMF5nvFe4IcpblqQ0BcTV4IoA3tokaLP0JAPeINtx9G0UJtJaw5HqBtrxS3d0Xk6X4rwBc5YDQWDI2FC8ic9Odp61cqvVIfwRwmSD4rwAu3aOSPcjUEo4T1jK941CX4kv1J7kh8GEAx3UyqZzmfgfAjYPP4tGd6jp4sU5Y2zLxzwBc/QCX4ksQ1lx7geLO8BYAjwXQc69sW71Zoa0TlgK0hYrIl5oB+G6zkA69qs0RVi2J1Th+Mu9nANDhued1ptidgbdCnh/ueb6gF5CHLtcJazsW5lWOux+o31ULYQlRSYwpWnSqX78zPIryoSiMd4+eIO4M3HTn3hXvET4CwKk9KtuDzCnDDmFQ+/XbA5a927hVzHlQwP2hO4eT5RQn9kEtYcWX72O5Y/1a7l/+NMxUe0ZgFXcG/vNuIUw1Z8ecJXtSIOCEpQBtoSJbIyySCa+50M+pNMX9caq98XUauXwvoYfH+rXcv3xMuDheqpsmn7gzcKbFPSyeDnq8OA2SoYwTVgN4MxedGsAzqzNaXUwmJBEGE+Tyayi6Zu0Ma+jtAJEzRAoyu2IQvevPAJi4M3B29elwFYdXcjwpEXDCUgK3QLGtEJbmIZIawsrNrGRZJ2G6Tx540owXj0lUc8yuhBy/BOB9IXCfnxA2DpxDIax041XbrkY4uxbfAmGNkckYOKWExZNSvm95zYGLyqz/fACXylwunnt2FYf+uWvYcO/pTd+1861FuHZgr2nw5DZete1ai11yesyBOX2TSAonRApwH+oNhZeCPxg22GujHpQQFu/icfOaiad8zxjQ6eMhMF4avuVbAG5aecqaO4HM2SbFKA39w0gNdHHo6U2/5r5rppt2YM8xeMYayRv2fGyBf7yjxc3MQ4962htziQCRw72EgKQ8w95wRlFz+jZFWDI7YngWhoMeC6fD580YGC8OkCfl+XDszQpHTzxbLCzyv2yM/Crk/ykAvwHw5+h6TipvjBhZ/v0GBwRDddR8kGpxMM+/JcKS43GGlb1OgsTrw9e3ZpCYg9lZYC/C4myAr3NLEEDGiJdL1aVLvFav8THC4gY63QCuUbj3dHwIjBeHIP5yuB1QsneVDuwpsh4iArkzyPA/dFJldF550SjuKiRTEizbN5W05BUvpXN18NI3l6urT2smLO5D8HSFzpL04YlPVxjAnx2AHZF/vS6trsmAGsfRMZLjQOPdRFn+MbYWl1xpXPh4yf0uAA/LgCKOmDHZ1WA3RlgkjGMADNWd1iPe5fLIg8S7Ytz7K0wolW4vaGYfKUExMCADBL4pcvEgSfFVdPZtSWwfH1VNP7o1eXPNi99BTJfSbC9nxPwobCKCxNoI6yaBpEhU/GrH6ccAuD8xdjxeM0i2llezaTxEWPHA5P1EEtXYMov5x2Y5LbM/aRdnD1zeS4oH2tQsJ7VlrE9NvCuLx4BTguLs5fEAngqAKwH2bbZVUs2sKZ6NlWAiOLCO0wZsvKkL9WsgrCuG6woPzHhC82tP/xX+nbM1humgb+2xfI5ISpd5qfpDxCIhb84FcJSizTJzTJdrMWHVOlvG8dr4sASvxJSc0E35cZU0LyUoWY5yX4+zGXFuLVme5uortd+QvVKZrfYrwcQsz5KExSB0DwdAopL0y7DeF5L6m1lLD0OQdMLSELspYWl8pGLkcgO65QtNfca801mfpo/GOt0n7A9NndDJoUHp0nOoR8UE9dnQPraTAS+5NOTytvWhi9iOOVmsi6TNVEKMLTPkWUeWpjNQwdoGcl+BR8pc8skfQZfEU5B3hCXfrABssLKPAbgngDeHpcZYE1I78ZUWbkprT1RlySSDpHUPJJVnZY541sDByzTW11sPDURv4vFzAJcAwJUD3yEUGxAzXtAuWcqV4DBE9tJ2yuASO15+DsndTAThnoQlp3oEjRufaeISjwOIRMVjX09lCJD46VPExL0REtdQiglLgtVp3A7iARnPiIRwNKdM8YCrXfKVIBUvKdP9sbR866GByJPXd14dvcYd68F8lm3NTRw0M15NmRIbmOfREhZvuvMYNp1mC0ndNwSaE4XZyUlQ8d8F5q3Zj8DHhVMntph+RfQvyiXp0HyswurhiniQaPd84n2Y1uXRFFnz96llUe2KIVfn0Os7MWFZtzWnt2a2tJl9LC1h5QL3p18STo0ZevaQTvXYxppTnZ4UymNyEhcPJkhIY4TFWZVVsLocYdX0o5isrJZHY23nb2P6WQ3W3GmkkJjoZzW7GruKpiVfbbmeffwisms6Wlw4Zxw2mCdF9Oc5JJKSdqeELP9/SQLjO3d8Nmooamass1WwOi1h1Tpktg6EuO1j/dxqOZT7iMs4kbZox1uMReqBn8rUEo+2XKudqsprAaxxxqtSaMWZxaD0Gk6d/qj2kONfzyZNbRa3uAbk9E5nIyWdPOcJrnHI1OBYcspoFSc/t00iJEbdp/bRSto3dcor45Jt4gXxmjTkXlIjo3teLWFRMTm+3ctT6UODM3bmK4n9ZG1U2Uznyd+tAfwzqqB0llGqUzobmdrDSmcDcxFVaXss4+Tn+oeQGPXRjpOae7M1TrIpRuIys+o3A1oIS+N5XdqR1phvbDbBgZlG16QTJZfIcyT6rdExkYHy4kgL1oSVbujKKeFUG3vuVU3VPfa75rrTkLxc/2jBnwT3yHBlJq5z7N5s66OwVrPNFpuMlm0hLAqu9bzu1pAZBJcsf+SU9MSgTyu+pc1iULqvAbhkeJmFEQuYWgZMru4Ug7EoA1J+bbOquF0lNi21gQVh5U7ZeQeShF9yb3bo9L60DVb7eaX1VedrHVCasB3VSq6kQG3nrs3f2kzGfzo9CHkAgDOMCcvqNK21nZblLW2UykpPCMfGWm6GzqUZ48CP3fFMsWhtz+pt3EpYBEwCo035ulh2tCVk1XSGqSsnvfQ/Kbx79w8AtwLAqJclG88l+qz+61vSiCRPjU2nxKeyak4IpWzrHqhFeyxkTGGl/t2CsPYyy5oyJPcceC8yDhli7ShYYmieVj4UwEcA8B6dVdI4JFrV3UvOlE1r6k1l1ZwQsqzF0tmiPRYyanCrymtBWPEsS3sSUqX0Qpnj/SCqEGOX/sbfLTqgpqkXD1EBGOTQ0h6r7sgaoBR3YseqifHhDJvhkBgJl8nSDqU6KCGpviesrUdVzoqw9nJimCMmAX4s5pDKOA2FetjDCWvcIIIPvdkZe4pRGSRZjbOpLmFhIwsZU3qqf7cEcg8nhkOEZYmj2phJQUt7rLoTNwBm2S6RJRFS5Z/pbLxB3cmiFu2xkDGpqDaD5UCb8wlwbXstysWktdSyr6Qde9lbLMFiKI/l4Iz7hfidlbxE3aJ/WtaiPRYyLNv0f7IsCYuCTw0xv7XxlqwaGvsHWbfRSsc55GietppDr7XUYTU441PhuO9byS/Fy6I+Cxml+lbnsx7MU3edqhVUFJi6HKoQudkiPfayNgtGRnGLk8+0v8URGeYe/Bb1Wcjo1kesCYuKlsactmqUeAfzZR2JLknZa70OYtXuUjmWe1mldW4lX6tvGS+fn5z0u9zpcY9xlsPYgmwsZHSzfy8ge8+0hKTuDeDIDDpr3lvqZswBwb6XNYy4eHZzr4nxwmretYwfnuWL1ww9zeSE1bGH9yKsdKZV8pTUVDPldR2GdmHnknQegDM3HIOLX7SediBOe7mNMNWHcr+fEr0XWPKh48eYIaGPC8LkLcbczGTu2YpFfRYyNHYoKtN7oNC48WOdVIrkdXbhZU7mz72ucz6Aj26YpMQ4qZtEr2CAmwgdUtRj7TOVXODO1coornwxWx6edcKyt81FJPYmLKkwd21F07xDfF1nzBl1CCON3VYfOkTTIQzL1BBXbiY2RlhWoZGnmmsxO7KQMaWn+ndNx1dXFgrGAcmODo9ZjMlkGGDOpvbwuk7uWfIpvEuWMZTRusE8pcfef88NdIkXNtcBkAXZWMjo1heWIKxujdmR4HRWVuL3tvrQIRu3X26gz/XgRrrF0DKunbA23hHXrH58Gks9px4Bkc441xJlzdhZ6zY00GPSag0fY61zTp4T1hwo77iOob0XnmTxpeH4qL7XS8s7hr+o6bkAfSUfmCLhhplWTVZsZ8vU0RAnF2WEgPinMR4WZ1FjyW1vBHqFmCEnZ4rYuntOBQz6rN5p9ditueTUiZfbfR3WG3KAvhDAWRWuP0tFuJ0dRe+4s0PuFToCWQSEvI4FwOCLmrREhFuNnuoyTlhq6LygI9ANgVrXHypS6t7STek5BDthzYGy1+EIOAImCDhhmcDoQhwBR2AOBJyw5kDZ63AEHAETBP4DcpQIjcTRCZgAAAAASUVORK5CYII=	8	2020-06-20 15:39:15.913892+02
8	data:image/png;base64,iVBORw0KGgoAAAANSUhEUgAAASwAAABQCAYAAACj6kh7AAAOdUlEQVR4Xu2deeh1RRnHPxYkQQaSpGmFqdmippWm2YJLpplFahmttNhiQZC2qYVaaSlk1B9plgtpRYsapKmVGaalaZm20WaWS7wWRhq0QCVfnaHpdM89M3Nmzjn3nmfgcn/ve2eemfnOnO95nplnntkIS4aAIWAIrAgCG61IO62ZhoAhYAhghGWTwBAwBFYGASOslRkqa6ghYAgYYdkcMATKI7A/cKkTeyNwOXAhcFX5quYl0QhrXuNtva2PwOuAM5dUcxnwReCs+k1ZvxqMsNZvTK1H4yIgzUoalojrbOCZwMHAvsDOQdPOA44C7hy3uatVuxHWao2XtXb6CPzHNbHt2XotcCywLXAdcJCRVvygGmHFY2U5DYEuBKRNfQfQutUuSzI/HLgI2A04ATi+S7D9fj8CRlg2EwyBcgh8BDgSONWZe8ski7Q2uAybm5YVNwhGWP/FaRNga+AxC74fDdwN3ABcC1zjvv8WB7PlmgkCvwG2AZ4VuSMozeo44Fzg1TPBqFc350RYDwrIaBEx6Y2Xmq4PyEtE9qtUAZZ/bRDw5uDNbn0qpmOac1cD2wWL9DHlZptn3QgrJKImKT2yY5SlLd0C/NZ9N//eFNgd2MN977pA3pXAOW53aLaTaqYdTzEHQ4i8G4TcHQ6YKXbR3V41wtqyYa41SekBS3r+7yVkJJK6Ixq1+zM+OCAvEdmegNfSfuLWMbStbWkeCPwUeGKCORii0rWzOA8EI3o5NcLazBFSm6YkkliWbmtoSU1tKQKSXlm0ZS3fmh2clFOAd/eSaIVXAQHNV801LaJvkdlgI60I4KZEWDK57upo8x8DLcmTUfj9z4g+D5FFav4HAGmEHwaOHqJSq2M0BA4FvgxcAhyY0Qq96OT5bmZhB3hTIiw1VYT1+yWkdE/GZBiryN7At1zl+wBXjNUQq7c6AicCxwD6fm9Gbdq8eSrwejuysxy9qRFWxlhPuoi0K5mENwH7ma/NpMeqT+OkWWnBXJrWBYmCvHb1A2DRRk6iuPXOboRVf3zPBw6xYxj1gR6xhlsB7ULLh0+7yylJbg3asDHtKgI1I6wIkHpmCY9h6BT/4T3lWfHpIZC7YJ7juzW93g/YIiOsYcAWaUnl11tYh10vHqZaq2UgBHIJK9d3a6BuTa8aI6zhxsQvyioW0kuHq9ZqGgCBXMJKPcozQFemXYUR1nDjsxUgPzElaVq3D1e11VQRATmLymlU5KMjNrHJzMFYpIJ8RlgZoPUo8gXgMBcP6aQecqzodBB4M3Aa8Hng5QnNMnMwASyf1QgrA7QeReRUqPWrn7tjHD1EWdGJIPA54GXAEcDpCW3yO4uxkR0SRK9vViOs4cdWoWl09tC2sYfHvkaNv3bRGXQc62eRFXwSeCMgl5cXR5axbBbA7745kLtgmjuB7BhGLnLTLJc6f0RUIiwlOYpq99hSJAKmYQ1PWGOQZOR0sGwZCKQQlo7f6BiO0puAMzLqm3URIywjrFk/AAU6n0JYWr/UOqaISoRlKREBIywjrMQpY9kbCMQSll8KkAvEjoZiHgJGWEZYeTPHSnkEYgnLIjIUmDNGWEZYBabRrEXEEJZFZCg0RYywjLAKTaXZiokhLIXMltuDvw16tmD17bgRlhFW3zk09/JdhOW1K5HWTnMHq2//jbCMsPrOobmX7yIsr12Zo3CBmWKEZYRVYBrNWsQywrKdwcJTwwhreMLyxzLMF6fwZB5J3DLC+rFzYTDtqtDgGGENS1h2LKPQxO0hpsuESxXdJs+0q1QkI/IbYQ1HWHYsI2JCVs7iSUTVlJr7bYRl2lWFwSw1aBWaNpjI0m/ctobbsYzBhrS1Il27puvXahOWaVeVxtoIaxgNS/43uoBC4Uf8rdCVhnRSYod6GcR22rfnBOD42EId+Rb10bSrQuA2xRhh1ScsvdHPc7dAz81xcEqE5UMZ6xnYvOAdkc0+mnZViaxKqsUVm1hddM2Hyl+kqk6c4i5Vrd6hCVVQE9vUbvpQxqXnfbOPXrua28spdTyy8puGVU/DeiVwrhsVEdfRWSO02oWmRFg+lHFNwjLtqvJ8NcKqQ1i6h3CDGzuZhN+uPI5TFT8lwvKhjEsT1o+AnQHFZv+EO35j2lWlGWmEVZ6wRFa6HWcvoOTibqUpUFXslAjLt6U0Yfnbb74PPA24HHhOVVRnLNwIqyxhySQ41l1KIK1KF6beOeP5NQfC8vcL+mHeB7hixmNetetGWGmEtaW7nks7Tv7zOEBaVZi0K3jUzMlKeMyBsNTPvwMbA58FtHZpqRICRljdD5XeoAcD+0f4UF0G6Cr6syqN16qJnQphhR7upU3CcCf4VPeiWrVxWpn2zp2wNgXucqOlc366Qt5/HgXo85BgNJVXMbnlABp+7ug54tLQdM1587MN8LAesnV9utZWrnSf2HvzelT5P0WnQlg+xItvXKl5rw0Vec/7dLNbDiiFn8lpIFBq4FYB2K2BpwQf7ezIxOtKmuxfBy4ErurKHPm7zMlnu8/TAbVtyPQq58xau84pEJbXrnTb9hOAvwKbFOr4D4EnA9KyDgP0grGbnAuBu0jM1Akr3NmpAcM9weSVGXfbgs+fe1YsMtLBZ0+WuwBbNGSqDm27L/r0WbQPiVE7WNsG9Z4MvKdn37qKT4GwvCOn/OA+BJTSgrwpeIMbW79baGZh16zo8fvUCUtdK0VaIiNpS3or6qMbd28pvDAs0+4twHEdY/I74LsjmWqhGVN7R2tswgodOXUPoDTk7wF79nhmVHQRhn63sBQh9mziehZfBcKqjXyph6qNWEWUest7otS3iHLM5LWDm4D9Ku5mlsI2F6urHTnJkfMvwPnAV9wmSq5MlQtNwfAEg9YMzSzsg2xHWSOs7l3CGPhDspKzqDye+5hyMXX2zaOH9xC3NqfvGmlMwmpqPEe4cVHEV50rzE1NUzCUY2ZhLqqR5YywyhLWKuEp8/UbwJOAWutZYxJWkzwUTkam+vsjTPa2x6fLnDazMJJ4crOt0gOW28euciUeqhIyutpZ4/euB7BvnWPi0jTPTge0jvVWp2nl9O2bwL5uV7DtMLs3Qy2Oew7CZhJ2olbioSoho7OhlTJ4E0fe+XJ3KJnGwsUvtmtj4xmuQ3JLeRFwKHBBRie9TK1HSittS3bLcwa4sUVMw+pnEuqBXJU1q2Vzohax1JLbNb8X3QUo8pLPm8w2aUGpKeV+weudK4tFbUhF2TSsTsRyH6pwoV1+VJeO5KbQ2cGIDLkYdImuJXdZvW0xqbyJ+Fjn79bV9vD31DhXqflT2jLrvKZh5WtY/mH8OPC2xiySV/Ulhb3ja07UWsRSS+4yLNriqctJWMesHgro75SUE6M9p0xKm2aZ1wirP2EJw9CjXEczdB7Rp18CF02cvGoRSy25bQ/rMs0mty252lJuuVkSUWynjbDKEFYTbx/h4SBg++BHeUHLcbHkucTYsV6WL/dh7qq7lty2euUIuxOwaO0opy0PBCRTL6Sc9aiUda8uLO33gpdJrjKYORNZ/Y0t58lLO1TygvZJ3tKKn/Rp4O6RAYztS2oza8ld1A6/29kW8TOnLWcDr3Ea8gtSOw94LUtnRLVbOXVn4owuDlvENKx44mmOTM4D4MnrhS6UjGT+w5GWiEvxwcdIOX2JaWctuc26Y/zJUttyJCDnU43P7sCNMR1ekOczzl1EywI5pJdZ7XoWM8IalrDCWaSggG8Anhf8pxbqP+VMxiFnXOrDHNu2WnLD+hXxVWb24zs89lPa8lxAwRiV+obi0YmCrzk3hzOc82osfpavgYAR1niE5YdC4WYOdx+F2VVS0D2deRsqcmnKw5zyENWS69twgLtKbTMX32uZ42tsWx4BXOuCN5a6S1LhheSbpSRvexGXpQwEjLDGJyw/bNpul8alNZMd3X9q0fajlYnr+W6N5hrnWJkxjVqLeJIoedOyr8wfZta/v+Q0IZlvbSmWsC4GDnRuKfoulRTRVi8hpV1deKNSsmcjxwgrn7DkKKo47zXOjGmxVpdY7OBmosIyKzBcDY1LV5IpWqZu+zmp8Mz3B46vA7RjWmrRWZrPO11bY7WgGMLSIfB3Abe6das/FMZDhCXikomoF4WlRASMsPIJa4gdoEXEpYVg7V6VSFu5CKuSJd+x20sIDWRo/UaLzbu5y2T7Xnsmk1m3ab/E1aFgiadFtrmLsMKbuvUiUljsGkkvH7lJ1HjR1WjvpGQaYeUTlgbS7wDVvoNQxKVdK28qatKXIK5jgBPdTT8ikxopvFg2lK9FbWl3beTbDC2tvnuH3D85E1BabmxaRliK7691KxHiOxy2sXJT89nh6FTEgvxGWP0Iq/kwautbfkC1HEObxKUwzwoWmGsq6hYdXcwg80RmSq0UGzo6pv6POa3qFzGZgzzLCMub9+c436lE0cnZ/eFo07ISoTPC6kdYgrvtYVR0APlWlTLfwqEVcSmuk3aflHI0Lnlun+k0iz0S502J7Kpfa2cyvxal0qGl2whLF3HocgpdJiHT9V8lOtchY4jlhAG6MXwVRlhlMW/zal9US4k7A5sal7Q7mXgxV6XPLQTKIsKS2SkvdB3BkVOn1tuGSkMtJwzVn0HqMcKqB3OXBtGsuc9VXyKut7tzdJKrYyptETH1u9euZFJqi30OaRFhKWjhK0a6Yj5cTlBMNe2oWupAwAhrvCky9GWqfqz1oCiAnW6ZzjnQOx5i/WpuEpbcLL7qTEBhMcZNRhqLDa5bNXzV+iE2wdJGWNMZlFrX1XuNSmtp4Vu9Rkjk6aD5/y0JCUtELZ8zkYQ0UWmkYyXvq2ZaVsQIGGFFgLSiWZrrW2E3arthTBEyT1jaoPAOuR8E3jdyY0Mty55HMwlHno7jVy/iko+V341bhxj0Oah6wlJZHXnSyYEaO7g5bbMykQgYo0cCZdnWAgH5Wy1zVl2LTq5zJ+4F46kVfrEFRKgAAAAASUVORK5CYII=	9	2020-06-20 16:38:21.243131+02
9	data:image/png;base64,iVBORw0KGgoAAAANSUhEUgAAASwAAABQCAYAAACj6kh7AAARO0lEQVR4Xu2dedC+1RjHv7bxh11SgyJqbFEydilliVIIpci+7zIUpYVs2ZfKElOhQSQhUcmSJUT2hFCWKNv4x2CYz7zn+J2e3/s8zznnPufc9/3c1zXzzu8373vus1zn3N/7nOu6zve6mkxMA6YB08BINHC1kfSzj27+V9IRko6R9Mc+OmBtmgZMA1fVgAHWxivippIuD359rqR9DLTs1TEN9K8BA6yN5+BwSYdJOlrS3STtLOlbkvYw0Op/wVoPpq0BA6yN55+jILKZ+/fTDrhOknTAtJeLjd400K8GDLDmA5bXDUfE8yRtLenJkj7Q75RZ66aB6WrAAOuqcw8gHS/pTEm7BX/yv/+BpDtPd7nYyE0D/WrAAOuq+sfAvtOcndRZknaV9HpJB/U7bda6aWCaGjDA2jDvt5J0iaQrJG26znK4v6Rz3O93kfTFaS4ZG7VpoD8NGGBt0P3ekk6RdIakh86Zkte63dVnnNewv5mzlk0DE9SAAdaGST9K0ssl8e8hC9bCryVtKWlHSV+d4JqxIZsGetPA0AHLhxi06Cc7Kwzt7LQ+sWBG3iTpxZLeLOnA3mbOGjYNTFADLYCgi1pbAtbvJW0uaStJv1rQ6ftK+oqkCyVt32Vw9qxpwDSQpgEDrDV93UHSjyRx3MP4vkxaAumyvtjfTQOT0YAB1tpUP1PSsZJOlrRfxOwbYEUoyYqYBkprwABrTaMflvRYSc+SdFyEkg2wIpRkRUwDpTVggLWmUeKvOAreUdKPI5RsgBWhJCtiGiitAQMsydPJ/EXSjSMVbIAVqSgrZhooqQEDLOne7nIzFDJ3j1SuAVakoqyYaaCkBgyw1ihjTkgwuKN/A6ySq9DqMg1EasAASzpS0qGSXiXplZF6M8CKVJQVMw2U1IAB1gYP4RMknRipXAOsSEV1KEaA7iMcQ8Z2EfX8QtL5kr7sfmKcJxHVWpEhacAAa22RQ4V8H0lfi5wcA6xIRSUWu7kkPhxw6HflHfttAF6AmAFY4mQMsbgBloR38IaOEjkmO46PiueLDgupSXcN7O7opx8TVHWxpNMlnRp5yZx5uV/wA/iF8klJbzdaoO6T1WcNUwcsDz7cHeQOYYykRsXH1DnVMiT4eNkMu+tHnRPksx2VEgIYxIuEryCvk3Rwx7rt8Z40MHXAygGf1Kj4nqZ28M16bjE6+nPHlY+3lqNcDQnbg42DWw0xO+oafbE6MzUwdcDKAZ9LJd0iISo+c2pW9jH48V8o6U5uhC0pp2GNfauzj1nqthEusakDFl/22ySAj6eW+YljeBjhlPfW5Sc5/jCuPyFnO7LE1lTTHA196raPSNq3N41Yw8kamDpgpXr7jLwveYmJXc0rXHgCT//QkR/2mS4N0PqSpNs5EIWM0WQEGjDAWpukWD38TNI2Ro8cvbJDuxEp0t4yoLyOj5T0cUl/c7vsK6NHZQV700Dsi9pXB1N3QKn9TKmfxBQkn/i+pJhAxtS+rFJ5djDQ9BD4ibS0U6Xo8TRJe7pwhxekPGhl+9GAAVb8Dgt7B3FCHG9e0890jaLV0EYEuGNgb22nilXUXSV92xXm/xfEPjigctAi7RD84MzAKZQiR0g6ZgxeUwOsOMAiCPEytwJYDLVc7ymLbIhlQ7AaixeOYNLnSfqUpL2GqNQ5fcI2+FxJHG1LCKB1eImKatZhgBUHWD79F0GNXBsxWV8DJ0l6nKSxgBWj2EQStxZuEJExaSjzHtoG/+zuULI75Oc7S5KozI7B88Hx+6HjweA7mGJjyllMsfVzD+32LnkqdiyTjTVA2ML7XRAo9zLHFJRJ2jY8wF+Q9KABT+4ejlnE87aVitqPfQ96V83QEbW2ImPq9y/iNyXdM3HG+Ho9ewxb7cRxrVccL+C2kp7igKtAlU2r8GneYmmyW3YOO9WrJe3vGuUy92GSzm3ZiSG0ZYC1+EgI4MDgQHBpzouITYCFtUzOlIRRv8/YpGV9XPR3D+qkSgO0xig5tx5ajPMgB1bXkPQfl5WcndUkxQBrPmCFBuQPSnp84goJbQOxj/KV56s5JE6nZbvQa7pQD47MXLsZK+jm3CuNndeccnwECLXwITQfcmC1KMlvTjujeqYEYPkFPaqBJ3Q2x4Acgl2M94UX/YkuIDXs2k8lwVoQS7GSMKzoossACzDnqDI2L9usAjxzBxmUbh2tnToFiVt7qauaLONvcNeJ6rQ2olq7Ataqg1VufEqutyykROHe4hbBWiIqG+8QXqCWsgiwDnHU0v+QdC937aZl30q39XdJ13PZk+BJ60M47kG58ztnYMeRYeI00BWwUi8Ppyp+2dc9tb7Z8jXqL+kt8zTBBKz6YMBnSHpP14EnPD9PR4+S9DFXz6MlnZJQ51CLem8wbKc4EVoLsVXnuEZ3GXDAbWu9/L+9roBV21BZA1BCZdeon8hpoqZzjPSLFsK7JT3dFQCwAK4Wsp6OMKx/XdJ13S4AD9YqCM4Pwhq4hnVG4wFhRiCsArAc6lWmxirZuLmugFXbUFkDUGoBFsbR7wWVs/gJNC25pQewAC4E28aLGhwR15uDz0t6oCQMwQSKrooc7xwH6Pm9jQf1NknPlwS54N6N2x5Nc10Bqza/+VgAy/NkrTfxcInjmr6o0Kpg9wbrwY6uvtpHxNk58DYWnBEkof13oXENoRpslqR6I/VbTDhKqT779wi7GZQ3Ywq6LaWDqHq6AhaN1ASVmnWX7LvnyaJOH4uELQtPDwvwChcW8bmoWYkr1OqIGM7BqttYnubsg+yKOdK3ktonlVbjqN6OAdaairvqAVI6z6QZ2q6uLQmPIUZphKj3YwvOanhEhEWTtkt/nUPAwsiOsb3UlZCCqihS1UNcGAlH3gcXqTGuktq24LhejKBU1xeVIRLkyPGEW+PEC5WUMeywbhawN8yL9A7jao4OYmxK6IojIrst/s2JGVvWBz8HMFbAUoHrn4vCqyhQs0CJg7fQf4BajLO2t73FGJq0UQKw/MVRvCp4V0rKGADrAc67w7gXRXqTpQXOIYSdCpHz/yykrDBQlUhz+lFK/BxgZMeLhbGf/H+rKDeSBPsBLKTkqmwltdd5q3FUb6cEYF3fHUM4/txlxlPWdQC1J7JE/bzEgBa7j2XEabu5I+JNJGHPIstxqSMcoMUOa8vCu12vI66J4MliN4fNZVWlxJpI1U0fbab2cRDlSwAWA3mnpOdIepcjFSs1uNoT2bX+0AiNDiCCWya3dYlC71HhCHegpDe6GKJSu12vI4AKjyTABendqkrXNZGjlz7azOln78+UAqztJX3XHXH40mPnKCG1J7Jr/WRe8ccjjkxnRQ46PMJ91d3F+03ks4uK1djteh1xFMRWmTLOAkNqXkXXNZHT4T7azOln78+UAiwGwiVdvCwvcWRoJQZXeyK71E9sFXf7iEOCsQCjNPe/YgXQIvCS4+TFzvuGwberlN7teh0RmsFRNnWcXcfT+vkua6JLX327s3WMnXqoi042erYkYJEhhShdXPw+q2/XztZePLn1Q6iGZweOIiSXBwpvG3fwAK0/OdDC69pFSu92wxcJQAawVlly10QJncwDLeoeQj7HEmPsVEdJwKIjsHJC31qKF6n24smt31OqkAEaHigScWI/yhUf3/Qvdy3j9NyK3HN+t0ufuiYJDV8iHAXsoldZctdELZ3MZszm40ig8lh5xzrpqTRgAVTcx/qGoxvp1LnKUfT0LWdxwqsNoMD++MuCiVXfF0RXH+C8ibn6K7nbDQGL9GakOVtlyVkTLfTBu0UIkY8P42PJh/OEKWVxKg1YTJzPjswx5+yOM1l78eTUz5ig/oBUjas3l0vavOM4/eN4+PxOjYuw7+hQb6ndbghYRLnDy7XKkrMmWuoD4OKGA15mL1yyB7jYWa+01AAsqEb4CnPb3dOh5Cqx9uJJrd9nfwaUSf2F/al0wKwnxUNnhzo+7xz9leJZDwFrq8QUUjn97vuZ1DXRV393l8ROHK40L3ykCD9Z2eNiDcDy1xsIbSBaeJEhcdlk1148qfWH2Z+v40DrKMe1vWwsKX8nnsvHOmGvwPOaIyUy2YTzV2O95Iyr5jOpa6JmX2LqxglCADI0P9hTkZU10NdagGSagTJ3P0knx2h9Tpnaiyel/tnsz9iciFyHuwjvaGnh6s6JrlLagkkgVfwui/kgV2COGGDlaK2fZ2YN9CsHXLUAC/sL1zhOk/TwDnOXAig5zaTUP5v9+VJ3FafmMelhzmZ0LXf89KwPKWMlqzFJFQj6JEg1VQywUjXWf/lZA/3KeBZrAdZmkv7g5g2DNIbpVGlxETUFsMhgw7UavIRkf055NnXsYXki6bGVbeoi6TF8czk3VjxXV27ohQFWrKaHV27lPIu1AIupg2lzrw53z7wtDPctjIw1JBZ0PCMFQZ07uY7EPlui3/B8A1rbOMrlFHI5z4ZKCAYJYVPFACtVY8MrvzKexZqAta+zX5GsACrdVGlBphYDOptI4lhFVHpor4p5NnXMi8rDwkCSVY6gqYG5XY6FBlglZ7HfukbvWawJWNT9V0lcyM1Jm9SCrjYGdPDW4bWbTRQa82zp5ekDc1OvP3U5FhpglZ7F/usbrWexJmAxLaSjAnhyXP8tEgIsAx1YPEnbhfD/C4K1tuzZWsvS0zGn7LL8sfBCSdw1TBEDrBRtja/sqK7+1AasXZ2hOIdytkXKpWWgg5dzTxcTBQ9UKMuerbV0fagCxzyO2rEEgLn9nRpg1Zq3odc7a6Anwzj8doMKQq0NWEySv6qT6lZvkdRy0UsMRz3XUPDIYay+ciCARTdIbEGgYAqHuwHW0CFjGP0DuEiWwokCGRRwtQCsXPsJsSN4B3PsX7FTv+gl9hmc5zEe5AJAbN8WlQsJAGNBK7e/uc+VGKfV0Z8GZoGLi9a8C7E7+io9bwFYKW51AIq4I372kXR1STeWRILJGjLvZfTJQmEU3XlOw32/yItAi7/xlTw86Htuf3OfqzFfVmd7DQBcB0vaWhJ25XBNNe9NC8BiUPPc6iFAAVKz5HClk1rMKni9lzE2WegQXuT1QIsxcucRoA0XWG5k/hDG2fzFsAavogHWmQ/+boUZ605Bq8b9sRAKDLiy/C5qFqDIPENwpv/BWF9T1nsZYV/gjuCyZKFDeZFZTFDebOtSVLEr5dI5MVvsUv0W3pP6TYEipuaamWLdPpwGuzLvRm/SCrD8sXB2oK0BatkOy9PHQH9MVPki6Ruw0ClEfQTY+lv6vr9Q+0BTE9obPO3PFEj4enuhVrBhPojnuSNhSihNFVW0Aiw6v53zup3vdlBkYcGw3qfMgk5IH8OLvUigCyadeZiavvZYfMAfOyecEV4ucx7DHSTdco730Hs9p0BzXHseplI/YOXNCxjdYRDpVVoCVq8DndN4CFiz9DHs/haJj4diNwZ1S03vyXpXKsi0A1XzqQELQ2jTwh1NHkH+RUiccYkkwG2LIU6G9WlQGgjX0qx5obeOGmCtqR49zNLHxEwKfFV8dUpN6M1cKAfOCP+DbQrmCi/L6HBZaATdwiqBAFrcOED6PsbG6NTK9K+BnLCZJr02wFpTM3Q47ERINe/pY2ImINwyx5TPLUPfIAlMSTgAVa6nqAawAC4DrNwZmM5z4ZqOjfFrph0DrDVVMzF3czuTpyZq38c8HZb43HrFOVZeJAnvaPiTkqA1rBfAArgQ7IU+48rU573AVCVV4T8UhJkcU9l8kNSxoLB34uzvPuClTg25/Vn3uakv3PCe3OC+JoVmmisWR0rCA+pl6vNeSLXR1YTrLPqhHgseJ4kPcE27bNbwpr5w/UIa5Ncka0bnP4STAO9ir3E0hcc0pupK7sRrjBsmD+L5QidOjXY61Tl1wEJ5XDUY6ja90+Taw6aBVdPA/wDN17d+AZPcMAAAAABJRU5ErkJggg==	10	2020-06-20 16:43:05.918998+02
10	data:image/png;base64,iVBORw0KGgoAAAANSUhEUgAAASwAAABQCAYAAACj6kh7AAAK50lEQVR4Xu2dzet/RRXHX276C6I2LiytRT5F6saeU7TAoCcSoxbVxlr16EMqFSkpmLjKNilUFJVQgVD2KGQFmVGaLcrMhRjZH1EcvFPT9d7PZ2buzP2cuff9AUH43Zk78zpz39+ZM2fOnIF+IiACItAJgTM6aaeaKQIiIAJIsDQIREAEuiEgwerGVGqoCIiABEtjQAREoBsCEqxuTKWGioAISLA0BkRABLohIMHqxlRqqAiIwF4E64PA1cCVEyZ/EPgOcK+GgwiIgG8CWxcsE6pPAOclmOEJ4C4JVwIpPSICJyKwVcF6CXAn8IGBq4nRl4D7JjibqH0SODfh2ROZSa8VAREwAlsUrDcDdwMXAE8CX0ycNU3NxrbIRyNfBLolsLUP8nbg+sEa3wOuBZ7LtE7s79oan0wUelwEfBHYygdpIvNx4PwBrwnXjb5QqzUiIAJLCfQuWGNf1c+AW4GHloJReREQAX8EehYsE6sHgEsyfVX+rKAWiYAIJBHoVbBsCXgTcDbwCHBVga8qCZAeEgER8EOgR8G6A7huQPiNISQh17HuxwJqiQiIQDKB3gTLQhRuAJ4FbkkMV0iGoQdFQAR8E+hJsCy+6ucDzrcAv/CNVq0TARGoTaAnwfopcBlgS0KbZeknAiKwMwK9CNaHgK8Cjw8R7Dszk7orAiJgBHoRrMeGoFATrqnzgLKmCIjADgj0IFjB0W5BoZfvwCbqogiIwAwB74IlR7uGrgiIwH8JeBesrwPvl6NdI1YERKAHH9a/BzN5F1aNJhEQgRUIeBcCCdYKg0CvEIFeCHgWrOBst+M3IXNoL1zVThEQgQYEvAqWnO0NjK0qRaB3Al4FS8723keW2i8CDQh4FSz5rhoYW1WKQO8EJFi9W1DtF4EdEfAoWK8Dfgn8EXj1jmyhruYRsIyzHwU+m1FMl+ZmwPL4qEfBsvsD7fJTu9TU7gvUTwSmCAQ/51I6nwe+rIy1SzGuU96jYP0BuBB4PfBwIYbgAyss/oJiGtTTJEtmOcdskjImQ/aOvwGXZohNfIXbVDtk52PWOfG/pwyOtZtYw+FeW7CMgQ3mzwG2ZH3nkJvLhDX3t6WPwnjkLMmOsUoZjyaSvwLOAZZm7zgmuCntOdYn/XtFAh4NUkOwaiGyAf0p4NO1Kozq6VW4YvuE/39pxixnKcogkjUDiq0f1oexT8zj97GUX9flPRrEk2BN+UlsM8BS3djN0rlL1qm/6L0J15RgrTmOaotkPBtfsx9dC8epGu/RQF4EK/hJzDaWP97+ot9byVBj4QrLzUrVN63Gi2DVGLuxjQ1ajTqbwt975R4N5EWwngJeBvxmcOy2GCsmXP8cKvZoi6k+b0mwfgRcGXWyFxu0GItd1OnRQB4Ea62zjLZrZbM2iw9668SIOeYUtiJrxxbFS7JTiG3N8THenPH4PXQhJGs10qOBag7IEo4mEj+JLrtoyeh3wEXAhyeWm9aObwNvyujEGuIV7GPLWNshXHs5G95vM6MfZ7AZP3oW8HfgGeDMzma5C7rdd9GWH2MpmVMKlonEA8AlKywTwuzqUeDi6H3jWdVDwNUHduHmYouWbA4cst14VrLmDmFoV2jDlNCnjrt3A/cDPwTeJsFKxXba5yRY/88/7Ao+EolWK0ZTs6uxYObuIM6J16+Ha9JqbBp4WEYFsX8SeG1hSMVtwGeAu4GPSbBOK0Spb2/1Maa+/5hTd0k9uWXH0dMt/TNzs6sQY2SCeVXhhxj6HQJc3wG8PBPGoXHhQbCsO18bEjuWsrKZlfkNnwDOPcHSNtMketwISLD+Nw7CjCdET7damtosymY8Z0/4rmrHGIXeHTuSMvU1zI0NL4IVz0ZL/Gj/Al48dPzYsltq4YSABOt5Q0zNeFoIVvyRjSO1wwxvbsdw6ZBJOa6UsgT1IljGIw4LSWl7PPu0jCD2k1gtHVkrlpdgPQ/7T8OyID6bVluw4l2/8TKm5vm4ueGTIlhW1vxClk9/zt/lSbBCX3PbFDKCWPlTbBqs+Ilv61V7FKyxEIWZjYnW+ZF5awpWLFZTf9FbnI/LHanWRvuQ7R5I+9kM0NL7PDeqKFcccttR8nxKvNpcvR6/gRIGuyjj0Vg1hWLKiOP6p2ZXVq5GmpuwbAmhEnPLj1a+q5JBbMvjmwYf29Rsy6NgjfuZOpv0OP5LbLabMh4NtqZghdmV7RSdN7J6jUSCh5aB8eta9zl3QB+abdUUrFMIdQ275vLU85UI7FmwbCv7BwfyKi1N1XxsGehZsELb4tlW2ImrKVhhKVyyy1f6CVjSPwvzWJIgsvTdKreQwB4FK3wkfwVeMfhq5i5qLZn55EaqmwlL3rPQ9MnFxwe0awrW2oe/wx8hO9huYSX6dUbAo2CFE/RLjl0cMkP8kfwWePuBAM3xaf5c86ZutXsWrLGg1hSstcVay8HcEezseY+CNRcFXgvdzcAXhspsV9Cc7nO/0Jbcd6cKVahXgrVOEHOtjZTc8aDnKxHwKFjWtUNZDJZ0/T3Ad6MKUvofjoBYhtF3LXn5gbISrHUEyzvnRsNrO9WmfLCn6G2LWdYbhrQxLxo6lOrojdPN3AHc0ACI9w8pbl/PS0LvnBsMrW1V6VWwlsyyLFThvaNMkmOr5S7ZWif08/4hbUGwlu76buvL77Q3ngUrNYVIapCgmcgCId8IPFtgr9uB64F/DIGV9xXUMVdkz4IVNjaWXtl1zBxyuB8j1MG/exYswxf8R/Hy7dgxDDs8bJk6g6CUXro5ZT5bEl43/MPc0ZUSs3sWrJZhDcaq9aHvYA/FX5WMTGdlvAtW/LHMoTvUhxaHiu0Du3EIOC3NxTTui1fBmkvhEs9qa4yh1v1X/JUz4SltTo3BVvrunHLjZV+qD6rVoeKpVMrhGjC7EqzkF/q4NFd5ybvnyswlFKwtWK3DDbQcrDkqTlhXL4JViqjlWbW5pemSncTQ3lZBs7kc5/jVFqzWgtJaEHO56vlCAnsRrDX6aTmk4pCHsS8txURxoGpJ+ZR3pD5z6Aqy2oIVlmyWlvqChamhp/rXesmZylTPLSSwxoe8sIldFbfwB/NxhZxSceNTBeiK4a7BUNbOvX0fsMDVh1ekcSh4t7ZgWbfuAa5tlFtdgrXiwGn5KglWO7op8WC5b//LcA1Za/FKCdw1Eag5fuINlppZQF81XDRhu4Tn5ALX874I1BxwvnrmrzVLBOyu4RadV0bdaiVehy7JaE01OPlr5lm3WZvN3r4FvK91B1R/WwISrLZ8a9ceru6yK8Bi8TLfz+9H/z1d8HLbobRATvuNL8koqC67SE4OsdTKvwlcA3wE+EpqIT3nk4AEy6ddUloVxMvu1rNlz9TPrmF/PFHIYod/athISjtzn4lFK/W856F32OkGy31lCRv/nNsYPe+LgATLlz1KW3MWcBHwmuE/S/d8ZmFlHkIqaib2k8O9cCB4LCbB8miVem3KFTKbrdluppdfEJslMz4JlhdrVmiHBKsCRFXRlEAQnFJHvASrqXnWrVyCtS5vvS2fQOzTstI5s621Dlbn90olighIsIqwqdDKBMbHoFKd8SH4tXXqmpVx7Pd1Eqz92r7HnucEl4bZ1aPAxT12Vm1+IQEJlkZFbwRCcOmh5WGLtEK9cdpkeyVYmzTrpjt17N7H2Od1iuDXTcM/deckWKe2gN5fSmDsjB/XU7qrWNoelVuBgARrBch6RTMCcznJcnYSmzVOFdcn8B+BDldvHbUJJgAAAABJRU5ErkJggg==	12	2020-06-20 18:41:10.100965+02
11	data:image/png;base64,iVBORw0KGgoAAAANSUhEUgAAASwAAABQCAYAAACj6kh7AAAK8klEQVR4Xu1da8hmUxR+5pfyg0QUPxClqHHLpdwGTS65XyOSWzE/mJgYKYNyz72McguTa+6EkSGXErlfoiiUywjFD+UXPb69c74z73vOXmfvc84+5312vc1837cvaz1r7efdZ+2911kAFSEgBITAQBBYMBA5JWYcApsCWAJgBQDZPA5Lte4RATlvj+B3NPQZAC4BsK0bTzbvCHgNkx4BOW96THPpkauqGwGc4gR6EMAyAL/kIqDkEAJWBERYVsSGUZ9k9SiARQC+AXAVgPuGIXoyKf/RijIZltl0JMLKxhTJBCFZPQ9gNwCvAzhxRldVIqxkLpVPRyKsfGyRQpIiWb0H4LAZJStiKcJK4VGZ9SHCyswgEeIUg+uzTlYirAhHyrmpCCtn64TJtj+ASwEcqOD6PMC0wgrzn0HVEmENylzrCHsNgOXut58CuHkGg+vTLCjCGrZvT5RehDVMozJWdSeAo5341xWIa5gapZdahJUe0957FGH1bgKzAMXA+icAlgJ4zdzL+BuIsEZoYxHWsIxaPF+lwHq17URYw/LtIGlFWEEwZVFJ56tsZhBh2fAaRG0R1iDMBJ2vstspV8Liru7pAE6dotIVAO6Y4fNzlZYWYdknQtctRFbNEM+RsIq7ulVafQ2Ade9tpvp4W4mw8rZtrmS1PYB93Wd3ANsYYOTdxncBvOE+XxjaWqrmRFi040oAxzgFrnUZNMr6lC+s8+8vA3hM5DUHlQjLMgW6rds3WW0H4GQAh7h7iW1pf5u7nJ06i0QuhFXe1T3f3fGswpOPjLwDelCh0sGOvNqywyD6FWHlaaa+yGp9ACc5ojqgApqYVVJxdcZJuBGApwqrj1QWyYGwGK+6BcBCAE13dUle/tFw5ufrzAPQYHa0PRHo5DyxvmOEk1vVWuxIimS1nmv8N4CH3We1tcPA+iTmV9yEnvaYFNjVOtXatlOdXNTnYleJhHxORCC9b13qdO3s7yIsO9RtOk8xKPskgHMjnHyaZrwkfULpcaNYdw2AhxxR/WWHx9yCBM0xWbiqS3UItk071SnJmwcXuUopiLhPXep07fTvIiw73G04T1dXbbzsZa35uPKiI6qv7JBEt/CrEZ7c52ovRTyrDTuFKMovhHsA/ORWrcxJFlPoG2tdBzM/X2cegAaelHoidHnVhrJz14nZSHPLQPqEi2M1jfWUTZnaTiGuwtXiKgCbAyBxpcCYqa2Z5prnsy4PEWLMdURYduumnAh9BdftWrffoogFdw65mxZTUtopRI5izOr6QvwqpO20Oj7gznNZeyVaecbI03tbEZbdBKkmgshqXeyJyZdu53AHADFntFLZKcRDuALiSoglRczKj/mSizWeqXNYc5CIsELccX6dFBNBZDUddwb8uVvJDQem0GlaUtgpdGw/VspNA8WuJqAvwgp1yf/rxU4EHht4GgDPIKWK19i1yLcFt/95KpxHKnhwtWmJtZNl3NRjFb/QFLsqWEKEZXHLubqxzslrFscDeAfAkYpLrGMAHiz93L2ezL/81W6leDuFjrk3gDcBfAxgp9BGFfW0+q4AR4Rl97AYwvLnc34FQEfv4wiBVWOvLyfkq+5U+lvWToz1YzD2Q6XoI0Rsvqz2AgA3AbgwpEENWfn3SWr1rUfCSHeKW2ExJsO0ISy8n8eAau5l2rktLzdXic8BuB/ADwmVqSKbOpkSimHqah8AMUReTM44y++TrARdKyyTT/5Xuck3N+NVPJjJssTFaOwjd9+iqCtXhMwhz7fz8NpQufBR9wEALyQQk9v4zAAxaacwV8IKnUt18ousKhwoFOQEPjiaLqyExawH/ObdBMANhSsbuQMSEps5FMBp7qqP14crLZ86hv82OZqQYqfQaqem9rCOU0VYSt5XYwURlt1NLQ7KZf6zAPYA8HhpYttH7raFJTazhSOu4wDsXBKTsZhHANwN4M9AFVLsFFrsFCjWxGpdjRMj42jairDspgx10OJuD+NVRwFgBoShlI/co581NlNMH7Ofu6ZCnak7SYsf9l1VUuwUhtop1h5djRMr5yjai7DsZgxx0DFsTYfoGYIe415nu40GX5/xvLvcjuO0Psrj82eLv6aSv07Hrsapk2Mm/m5xgJkAJEDJOgcdA1kRhjo9A6CaV4VnlM5yH59zixexedRjUkoZPz7jOitcTxZ/TS1/KLFacVF9AwIWBzB0O+qqv7u7bgyi/1bSdCxk1QZheag2cCsurrq4IcEy6f5dOTht9VUR1ginodUJRgiBWSUf29kVwAeF1mMiqzYJqwh4McMBc2DxYOqHABg3O9xV5KXiZQ1uBHRNWNZYn9nx1MAWExBecwg8A+AIAMcCYFZQlrGRVVeExXGYQ+o8tykxyceafql2TVgpTrprjtUg0NQZZhnYW90E4zUMOmkfOdi7wN9P+M0arG5C5Ks6iModRca5Yvyza8L6HsCWIYqrTnMEYhyi+ajDbsl7YzyjxCRzzHm+3KnTVg72vtBidksf7O5ShlSHJ7smLGKUMhdWl5gPZiwRlt1UfBkm0/ny+ojPJsCdLk9c9h7zbMHHXF4jaou02r5M3Qdh+Ufc2DzueXpEBlKJsOxG2AXA+67Zjy7fdqo3vdilUYtpCHRNWPzS4mu93naZOGSZFhAQYdlB3RgA08OwKHWtHb+uWnRNWJxLvDPK3Ot6NGzJyiKsZsB2NRmaSadWRKArGxXHWVQ4BMvNGD0aJvZFEZYN0Kqb9raexlE7Z//pg7BoVf8y3JTvWByHtyTQImeHS6Be8i5EWPMhlf9MXslxx5h3KJU1NPEUlMM1AzQkV1SzntVqaAhMWsmN8SBxFnYRYTU3Q1ePHM0lVMsuEJjmByKtFtAXYTUHVYTVHLsxtazyA5FWYkuLsJoDyku5fOOvtrCbYziGlnVfXEXSYiB+6ZR0OmPAonUdRFjNIea29RrXPOUbf5tLpJZ9IFBHWJSJpMW3WDMQzzLGmxGdYC/CioPZp0dZBeDUuK7UeqAIhBCWV80feeDPvC1xdSHjx0DV71ZsEVY83haHjR9NPeSGgNX+PFzKi+XMd8/Cl5RcWbjulZt+Wckjwoo3R9OXNcSPrB5yQMBKWF5mZv24DMCG7he3A2CminIW2xx0zEYGEVa8KSyvw4ofTT3khkBTwqIevJdK0mICQ5Y/3GqLedZUJiAgwop3C3+IdC2AhS0lu4uXUj20hUAMYXmZmAGEaXyYyZblZ7eT6F9I2+RltG3p22u/Iqw08K8EwJd/sgjTNJgOpZcUhOV1Za41+tHikvJceX0L4LvSv/53qR4jfQ40xtiyLJpcacxSTnYnXNPgOoReUhKW17f4Mto9AWxdA8RnAFa79zwyxY2lTErUyFhalqSliWUxbX3dNpy3flTVGDsCjHUxX/xW7lP8P3/HV6elKqlSVKeSZ14/IqxWYFWnQqBTBKpe6BEiSNYkVVRAhBViTtURAkIgCwREWFmYQUIIASEQgoAIKwQl1RECQiALBERYWZhBQggBIRCCgAgrBCXVEQJCIAsERFhZmEFCCAEhEIKACCsEJdURAkIgCwREWFmYQUIIASEQgoAIKwQl1RECQiALBERYWZhBQggBIRCCgAgrBCXVEQJCIAsERFhZmEFCCAEhEIKACCsEJdURAkIgCwREWFmYQUIIASEQgoAIKwQl1RECQiALBERYWZhBQggBIRCCgAgrBCXVEQJCIAsERFhZmEFCCAEhEIKACCsEJdURAkIgCwT+BbuX+mBv2b8lAAAAAElFTkSuQmCC	13	2020-06-20 18:57:22.816855+02
12	data:image/png;base64,iVBORw0KGgoAAAANSUhEUgAAASwAAABQCAYAAACj6kh7AAAJJUlEQVR4Xu2duwsdRRTGv/wPYhBFIYqIrwjRJj7QKhYWSaOosTBaaGx8FBosVPBZKFgYbZIUBsXGpLAwhRh8pFAD8Q0SBV+F/hPK0RlZL/feOTP77e7s3O9CIMk9c+ab39n5mJ3dvbsF+oiACIjATAhsmYlOyRQBERAByLB0EIiACMyGgAxrNqWSUBEQARmWjgEREIHZEJBhzaZUEioCIiDD0jEgAiIwGwIyrNmUSkJFQARkWDoGREAEZkNAhjWbUkmoCIiADEvHgAiIwGwIyLBmUyoJFQERkGHpGBABEZgNgRYM66/Z0J5GaAs1noaceq2OQAsHswxr/WHVQo2rmzgSNA0BHczTcFevIiACBQRkWAXQEk26K74fAXwG4KPw5zt+d8ooAptDQIbFqbX3tPQSAGZi+oiACBQQkGEVQFvSZNGwItfLAdwU/twZ2r0C4BiATzhdK4sIbA4BGRan1tGwjGf8+zMADgL4M3SxHcCZTnc/ATg+knndAmAfgL1rhnsCwDsAjnCQKIsI8AnIsDhMu4ZlGeO/TwK4o2NaNwDYA2A3gG2drn8A8N5A5vUCgCcyhnkUwGMdzRlNFSoCwxKQYXH4LhrWuWG1cnNIv7jasv+O5nUbgEsHMC/T8EYwSEv/UsK4bAV2AIDts30OwHTF1SGHkrKIQE8CMqyeAEPzRcOy/zbD2A/gqRCzuNrq9rzKvMxwrH2JcbwZTgG/AvAwgA8dQzXNttK7TqbloKWQ0QnIsDjIlxlWzNxdba0zrRgfzetuAFvXrNDWKb8XwGEAZwFcn2l4XdOy08N7OIiURQT6E5Bh9WdoGdYZVlxt2Ya2nSLabQ3POTa3F1dodlr5tFPuNwCuAHBfMC5ns//CrO9TAC7ukSO3T8WLQJKADCuJyBWQMqxoWi93rtQ9CeB5R3a7NeLbEOepV1xdWZsrHflXhcQ8pwFc2yOPmooAjYBnAtA6aziRx7Di8G1z2zbAz0msXkpXWF8HoypdXXXL9AWAHeGWiCFudzAWtwPYtebY0NMCDU+c3KHJsHKJLY9PGZb3TvhVapZdZVwWy1pdxdzsfHGl2b0YkVuBj8Pp9BAGmqtF8SMTkGFxgA9lWF6jiqMYYkXEXLF1N/RNs+dm1e7TArYHeF4YrJ2qvubYC+RUWFmqICDD4pQhZVirerFTokPhS7siWHL7wuJqiL3nxNrL6l4t7XOflzGzFZqdqtrn1mB8nEoqS9UEZFic8pQalvVuV/7ivVp96vEpgJ0DXdWLK7fSfTFbGb0K4GoAnls7PFVhmr2nP8VUQKDPBKlAfjUS+hhWd3O9tB5275bt7djziXYrAvsTV1l2q4Pd15Xz6T4a9C6AB3uuJLt9R7NnmWDOuBQ7AYHSCTKB1Kq77GNYjIHZ7RKPArBfgrDnAIf42NU6e/7xRucvTeQ+GlSiuXuamXOfWklfalMBARkWpwhTG1aumZSMOscUu5vrOY8Gleiyvv4IDXU8lxCcURsVmFOsKQ1r6NPBSCj28yWAaxLY4nOMfTbXcyozJf8cnYrtSUCG1RNgaD7lhMlZ+fQdrWecfZ5jLNXn0VWaW+0qIiDD4hRjygnzPYDLMvaW+ozYM84YU3pFsUSfR1dJXrWpjIAMi1OQqSZMfM7wVwAXcoayNktqnPH7se+NSukaAY26GIOADItDeaoJ8wCA1wG8DeAuzlB6GdYIEpZ2MRX/qca7sf3KsDiln2rCvAXAXm5h9zbZj/0N/ZlqnKlx1aorpVvfZxKQYWUCWxHunTDeOK+qn8OpoP321RjvPGTr944zFVerrpRufZ9JQIaVCawiw4r7V78AuIgzjGSWWo2hVl1JoArIIyDDyuO1Kto7YbxxHlVj71+ZJqZ+zxi9MbXq8upXnJOADMsJKhHmnTDeOI+qsfevZFieqihmUAIyLA5erxF54zyqfgNwfvjt9jH2r2RYnqooZlACMiwOXq8ReeNSquL+1e8ALkgFE79n6SdK+idVrbrY49z4fDIsziHgnTDeuJSqKfavajYGFtcUd30/MQEZFqcA3gnjjUupmmL/SoaVqoq+H5yADIuD2GtE3riUKnsUx04Fx7r/Kuph6U+NL/f7WnXljkPxCQIyLM4h4p0w3rh1quLPvNhDz7aXNeaHoX8IvbXqGmKsG51ThsUpv3fCeOPWqRrz52QWdTD0c4j/P0utuoYY60bnlGFxyu+dMN64dapiDu9PFXNG+G8Whn6mntpPVYcY60bnlGFxyu+dyN44j2FNUTuGfg5xrbCG4Fh9zikO+uqhFAj0TmRvXI2GlfMTyQUIezVhcO0lQI3HISDD4nD2ThhvXI2Gxd47iyziWHPfct1lxODKORKUZVACMiwOXu+E8cbVaFhnAGwn/BRz9y03i+M8C8DeY3g4sywMrpldKnwKAjIsDnXvhPHG1WhYDO02rvjy0+57BM3EbAW3Nwz8NICDGcbF0sY5GpRlMAIyLA5a74TxxrVsWJHB1iVvgLY37jwEYEcAYG+yPg7gWOLlrQyunCNBWQYlIMPi4PVOGG9cq4a1D8AhACcA2IsqVn3MuO4HsLMTcCq0XXa6yODKORKUZVACMiwOXu+E8cZxVHGzMLS/D2AXADOuIw55dmVyD4DdALaF+A8APAvgZKc9Q5tDjkKmJiDD4lTAO2G8cRxVvCys18H3Gb+tuh4BcFUY1osADgBgaePRUqbBCMiwOGjjyiH18tA+E5ajtCzLso3ykkyM8ZtRPb6k8+4mfok2tZkBARkWp0jx9eypvRnGhOUozsuybqM8JxMzz9HOVcU+93Dl6FfsxARkWLwCeMzIE8NTxMvE0h1XagxlOnYZFGeWQ0XnFcwzqT0xPEW8TCzdtt+0H8BTPaXpuO0JcK7NVXhe5TyT2hPDU8TLNFfdPALKVAUBGRavDJ79GU18Hm9l2kACMixe0T1X0mRYPN7KtIEEZFi8onvuB5Jh8Xgr0wYSkGGNW3QZ1ri81VtjBGRY4xZUhjUub/XWGAEZVmMF1XBEoGUCMqyWq6uxiUBjBGRYjRVUwxGBlgnIsFqursYmAo0RkGE1VlANRwRaJiDDarm6GpsINEZAhtVYQTUcEWiZgAyr5epqbCLQGAEZVmMF1XBEoGUCfwMKgJxgKgexyQAAAABJRU5ErkJggg==	14	2020-06-20 19:12:18.937442+02
13	data:image/png;base64,iVBORw0KGgoAAAANSUhEUgAAASwAAABQCAYAAACj6kh7AAAQ00lEQVR4Xu2dZ9AtRRGGX8r0QwurFHPOWVGCOWEhqARBMaElKoIZAwgYSiwUAwZMKCqgKCYMqIgCCgaMgGDOOVuoaOkPSyytxzt9v3HvCbszs7uz5/T88eLZnenp6X2/np7ud7aSN9eAa8A1MBENbDUROV1M14BrwDUgByw3glo18HhJD5O0SxDwxZKOlfTHWgV2ufrXgANW/zr2Ebpp4ABJx8155TxJuzlodVPoKj3tgLVKqzn9uQBUABbtDEnvl3SipKtLOk3SDpIctKa/zskzcMBKVp2/WFgDsWe1vaQLGv3HoPURSXsXHt+7m4AGHLAmsEhrIOJ2ks4P8zxQ0lvnzBnQOkvS7SW9XNLha6Abn2KkAQcsN4exNQAInS4J0AKoAKxF7b6Szg4P7CTpnLEn4OMPpwEHrOF07SNtqYF4m0eMaveWSsK7OjTEs+4m6dKW7/ljE9eAA9bEF3DC4ucG0s+UtLOkkyU9esJ6cNE7aMABq4Oy/NGiGjhV0p4Zp363lfRlSVeS9EJJLykqnXdWpQYcsKpclpUX6nWSniHpQkm7ZuRVPVTSKUFb+0j64Mprbs0n6IC15gYwwvTJXie/ikb8CS8pp71A0pGS/i7prpK+ndOZv1u3BqYKWP+pW62TkG6Mtb+OpIskbSPpEEmvKqSpd0vaV9LXQuDey3cKKba2bsYw2hI6cMDK1+IYa0/C54MlEb/aK38Km3u4rKSPSXpARkysoDjeVV8aGMNo+5qL91u3Bg6WdLSkiyVtK+k3hcWNTx2Pl7R/4f69uwo04IBVwSKsgQjElr4U5vlwSR/oac6AFiU91w1F0p/oaRzvdiQNOGCNpPg1G/ZTgSbm9ZIO6nnuz5P00gCKgKO3FdKAA9YKLWalU3mcpBPC6d3tBpCRwP6vwzh4WqW3ngNMwYeYpwEHLLeNvjVAmsFtJD0hAFff49E/aROkTzxf0lEtBrRDHP8eWihrzEd8gcbU/uqPbd7VdySRmT5Ue6Ak4ldfCblZy8Z1wFqmoUp+d8CqZCFWVIxvBaAa0rsyVXYBoS7PruhSTWNaDljTWKcpSjmWd+WANUVraSmzA1ZLRfljnTVAyc1dJHGZBDTHQzc7mWzj3bmHNfTqJI7ngJWoOH9toQbuJ+nTkn4k6eYj6co8PLjhKbBe1KYGWOSb/UFav1uvHLBG+ppWfFiYQ58Y8qEoTh6rtQWits+NNY94XAMr/j+uPjuiBqGGksEBayhNr8842NQlkrYO3OsE3sdo5mEx9jI7nwpgcdJK2dGOkj4ricTYtSr0XraQYxiajzltDTxS0nsCbQz0MUM3gOrZURoFF7HCTjr1LSHcX8QCISz8pKT91g2s2vzlGdrYfLzpa8CYRCnBoRRnqMblFCSKEj+jkfv16pYB/9o9LOP8Yl5QQgNWa8lj7x7WUJ/TeoxzDUm/D1O9ZggMDzHzl0k6LAzEFvSYjln1tQIWtDnvCFxfTG/tqaAdsIb4nNZnDGiPoT/+aOC96nPm9wicWmyVrh8GSr2rsEbAIrgOWMHxBZsqW921p4B2wOrzk+q3bz6y2tYPChmoZIhjva+H6RtIQQJ446h/ynBgLyUQndJqA6yY2wsWVXLJnPq5QoNPMbZ1fCdmXK0FtGBi+Ga0GKXkmgdSPw3MpbCYnptpBDUBVu71Z5mqqPv1UkZV9yyXS4fBktNy7AROXuLjemZWyxpyzRZBb2s5ckER89hwbM+19NZKglRsFbUAFmAF08R9nOp59kebY1TLYWAaT8TeyhRyW6zkpAQwlFwhTuVunQlYsCwAVFDDWCNb/uOSSnhS8+ZbA2DFntUU7LCk7bTuywFLMmPFSPjLVruxNC/gqGEN2bZ9QdIPo1KcLnLhNR4o6c6R5UKjfFKgiWlt0IkPjg1Y7lm1XLguRtWyy8k9ZsbKkby54x+W9JAKZ2LA8A1JPwsncc+R9JqRZSXfiWRN5OB/actsy7Z9XDN/q/DO9yRxZdc7B2YKHROw3LPqYLzLjKpDV5N9NDZWjOesUFLyiii3p5bJxcDwRUkfkvRXSTeR9KcRhfxJOLW7Z/C0FgHWrG3fVyVRfwiV8hhtLMDyAHvH1XbA2tgSmi7ImD476HEnSed01Gmfj8fAwMkY+U57hIzyvi93mDcv8/oIiJNljucHp/r1wgts96h5o0Sm2Ybc9i1alzEAy8Eq4UtxwNoSsFCjZU6zPXlMgl77eCUGBjwq2naSzo/+/fU+Bl7SZ+z1kYdFciO1bnhS95cEvUvcoC0miD70tq8mwHKwSjRUB6zZgIU6x/iru2gZY2AgbmWNer2nh5uP90y0g5zX7JIJtoNkZds1W9S/mQ7bkOjlyJD77pBr7WCVsVoOWMMBVu5HQUD6lpIAhjhR8qqS2CpeORwUcGAwVKNe8HeS/iLpKsGzgiyPAwvkyJ3zUPMYSk4Hq8wVdcCa/1H9KtwgfCNJP8/UcxdupllDkd9EnhMyWd1c/Bwnc3hgHBiwDRuq3TukgUCHDJUMdwBeW5LpzIDgcpWzCwwBWA5WBazSAWs+YBGHib2FHHUTZyLeREvR+ZMkvVnSeyU9ao4geDp4PNwB+N0cYTu8C6sop3vEo9gKAlgXS7pa6OMNkp4WKFFIX6i19Q1YDlaFVj7l4yk0dDXdzDNWrjuP4zGpApcopYEQj4LiJ0t6yxxB2jyTOod571FwTDwNPZ0XPDwSSO8VXoAhE+8L0rmaqVH6BCwHq4JW54A138MiDhOfeKWqnYLg+Ir2FJ3/ImwFF3lPbbyw1DnMe4/Tvt1CzIpr4aGWOU4SsliD/uWU8B/7VEqR0hdg3SJQxHB7EICOrtaK0ri0waV8PKVlGLu/ecZ6wxk5RV1lhZ/pUEmfiZgwu+rc4le/lHSDBQLYc2wNiSMN0SjFuVmgI+akkvKaWUyjxpgJrxP0M7VRpfQBWIQT3iVpG0nUf1Ij6WCVaZVdP57M4ap8fZGx5hhyMwHVklG76ryL5/T5cIo4xF2AsGH+K6woQXXmxwnmzuGKr+Zik9O27wgHA22MLmedZ/XP1h3mDxreJbl8/2wjiD+zWANdP55V1GcfgDWrxCf1o+gSmxrytmW2p3hKdvcg9+Qxb2oEfzvDUAA4Ekt3kJTKDNqX/aWuzSx5XinpkPAD/8bD9lZIAw5Ym4LCxBiIL8BcGbcUQ46DrFCi7B06TOmLVylzAQTanv7BaU6wu28vi3lRy3iapN1b5lzFXif/TmUILWT+m7tJXZtYjiuELSBxOtpTwsluaVnXuj8HrI2TQOraqHnLBSwLRDeDrCkfhcWlSBcgqN2mDeVlHS7pqJD/dXBLwEJ+i+txGMH2sYa4TsraxGtBqdTbJAHCpHWwBSRu5a2wBhywNnkveDE0QAFwsNbVkDkhO0DSBaGWLv4Yu/aFDF3iV7FpmJfVZ0kMFyQQSGa+fKxd5odnhodWy8lZF9mbn+DdA389tkNKB7lpPyj8nXp3QQMOWJsUAQ8WLJdQ/OI1pAAWHy6ARds+gFZsaCkfRZf4VTzWEF6WXTgB6eHnOgJWbblJKWuDvkl94bIN4nNsjR8h6R+OLv1pwAFrk25hFiB+BZMAx+5dAStmTeBon+zvZkv5KKw8qG38akgvi60PdYzXknTT4F1ALLhtS3OtCbRS1uapkt4Y5vr24Fm1nLo/lqoBB6zF4NTWkDnSJ34BUAFYs1rbvuxdo5Oh6DnmSm+71n16WZajxmkgW+p5TBLLZK0FtLquzZGSyC2jcfkGWfzeBtCAA9aWgAVVssWe2hiyBZFhzeS0cV5r01f87jIQOKLFLT9G/VI6lmUnhASWoZRpEgt2Md0aQKvL2hCv2z9MkDrJN3WZrD+bpwEHrA39AQAvagSClxlyF3bSruwPBgKLVpiryZB7XjMvC+CKy4PyrGaTV2HxPorECTbDOGrEgl37Hxu0lq0z87liiFeR/nJpiFdxeOBtQA04YG0oe9ZHQzIkbZaeACtiF9xA3Ib//fTgjVBbt8zQbTu4zBTarF8fXlY8F2hl7AKKmFhwmezN38e8jKENYDE3ir05USa4Dqe+t4E10MbgBxZp1OGaHw0nYLMAyyiU+Q32BEoxlrXYK4kvHJ31nm0H7becdTIviyvP42u0lsm76HdiVwTb4b3idIxDgSaxYEr/Y1131Qaw7BkOGPB+vY2ggZwPYQRxBxky/miagMFvANRe4Yc2npX10Yz7LJqMsYuWACz6sLwsZCD7PqdxuQSF2MT57hjy1v4cTgxz+rV3x9gedgEs/2ZKrHJiH6782Yrjo8HLmUc6R5b2MzveqGMna38LDAfzMrzvFHK4uH0GD4aWu062nbHLIRLN5X+vPSh4VZyM4mnCchpzYOX0PRZotQGsEvPyPjI1kPshZA5f/etmyLGgBLqpxE8pKbGtXlxj2FTCYQEIiI/ZaVTuOm0d5KXeDa/oogzNm3zHBPqdWRxYGd1vfjX2tNjOctLZFy2NrXN8QlxiDt5HYQ3kfgiFxamuu9J/eWMWh3mMBZbTRRGtEd+VWCeSHEl25Bie4/jUZtn3AMiOCziwUvuP30NflACROgGXFvE4SBVLNzshphibetKUP0alZfL+ZmigxIewyootDVjoalEqBDffXBIUyr+51ZlWYp3IQL8w8DIBBGxNU5qdOkITw9X0iziwUvpvvkPZC6AFlxatD6rlOG5JQB167BNLCO99lNVAiQ+hrETr0ZslmzYvasWrgjWC26a5dbo0YFo6AjEtwKZru3xEREfw/fshP2keB1bX/hc9b6ylPHOypP0K38TTjFvCEgtw1XTzd0l9TrIvB6zxlm0WGFkWNdQtgFppwOJ0k/sCUxNJKeqGYYErx86U9CxJR0t67kBqJIcNz4dLLThAALRKb9/gEeNAxRJtayMbHEjVdQ7jgDXeuswCI0tnoJiaa+dLAxazpYSI2FMKwR/vHB9umd4jbCvhdC8NGotWBXJCZGAOfdLTxLl2BP2pHyTnzNuIGnDAGk/51OHtEk6/TghiNAGqD8DKKYp+bfA+2JIRUyqRJpGyAvEJYkqKSdsxiTcSkLdry5g3W9Pci3Xbju/PNTTggDWeSRhw/FgSJHB4KUMAFjNOpVEmrkNsjTgb/GHEeIy1YGhNNpN4+9y6kcpBpcJlJP07zJnxvA2sAQesgRXeGO6kQKdrx+nN2sU+PCxESPWyrCQHeSlbgsCOmNiYzQ4wTIa+bJrEX0DLTiu5oYhi+Vp46cdcg8HG7mtxB5vAxAeKj9NJSOUDoNm69AVYsZfVhXrG5IG8j/v2yMSvYXvE1g0Qhku9b5uGrYHUCmJotD49u4mbd3nx+17c8hKvXo+AlnlWs7wEA4mcDPtZWkvxsuLMf2iRrTh89VZl+Yxiz86D8sv1VeQJB6wiaszupFkC1FwX+730qVjXyypiOVNOGbMVVVkHHpQfeEEcsAZW+ILhFm3/4lMxgvQcudvJYs4MunpZMWC57Wxo3oPyOVbY4V03ug7KGvnRZiY2DAncLJybG9SF4M8Ba74RNIPyXMhBYbiX+BT8cBywCipzoK7wig6SdIcwXm5uUBca5TietoiaeSBVVDkMQXky/6mxpEEdfWrgITu3SoknJJQD1oQWqyFqyW1IFy+rzeUX09VqOcmJ8XECC4W0NQrQ8by8JWrAAStRcZW81tyG5Ip1hqRdczvx9/9PA/DzU8MJ7701/+4SjcQVl6i4yl5jG8K18RQH5zS3hxztLX+3z7y65aOvwBNuoCuwiD4F18C6aOC/yp59fi7hqEUAAAAASUVORK5CYII=	15	2020-06-20 19:17:08.478022+02
14	data:image/png;base64,iVBORw0KGgoAAAANSUhEUgAAASwAAABQCAYAAACj6kh7AAAO/klEQVR4Xu2dCdRu1RjHfy1jJKprTGUqRSghlCZDK2F1Q5HKULm6xmZDGUooDUKmQkrIUlk0GJooMlY0oUhxI5Uht6hM6+8+e62zTu/7nmmf6d3Ps9a37nu/9+zpv/f5f3s/+xmWw0UIPAv4bgaK7YEvOzSOgCMwLASWG1Z3euvNLsCxwE+BDYCbgPWAJb31yBt2BByBuyDghLUMkkOAfYEDjLC2Ab4KLPQ14wg4AsNBwAlr2VycCoikdBT8HnAJsADYBzhsONPlPXEE0kbACWvZ/F8OPA54MnAxsB1wki2NZwIXpr1MfPSOwDAQcMJaNg93APcAVgButak5CngT8EVgh2FMl/fCEUgbAScseAxwFXAdsEZuOfwNWBFYFbg+7aXio3cE+kfACQueD5wOnAU8NzclMnWQyYN+r+9dHAFHoEcEnLDgLcCRwMeBxbm5+ASwCHgz8OEe58mbdgQcAcAJCz4G7A7sAXwotyqkw5Iu65PA63zFOAKOQL8IOGHBt4HnAFsDZ+SmQ7/X9+cDm/Q7Vd66I+AIOGHBtcDqwJrA1bkl8TCzdr/Z7LLaWDEPyhxFtdv7UxuNeJ2OwDwgkDph3RdYCtwJ3HPKhOoGUTeJctm5qIVJ/2+mzvcA726hDa/SEZgLBFInrPWNhK4AHj9lRo8BdgXeBnwg8qwHspI1/d5Wd+pzEhlir26eEEj95QgW7bP8Bl9qkRvOBbaIOPkiv/2AzwM7AYG8Up+TiBB7VfOGQOovx/7AQcChRh6T5vf+wF/tC32+JcIi2Bw4x+oRCYoMnbAiAOtVzDcCqRPW8ba70ZHv0zOmWuQiktFu6ysNl4SU7Lp5fKJFiXir1eeE1RBYLz7/CKROWD8ANjSTBZkuTBORyvstZtZuDZaFyOo04KkWIWLbTF1OWA2A9aJpIJA6YSlQ3yrAQ4AbZky5ojgouN81wKNqLg2RlSJAbAb8GHhBzoRBx04dOVcG/lKzDS/mCMw1AikT1mrm8CyiEmEVyZXA2uZbeEHRw7nvszur8yzuVt7eSjeV69hR8dKK9fvjjkASCKRMWLJs1/HsbLN0L5rww4E9gSOAvYoeznyfJatJO6vw6DeB57HMGfvMCvX7o45AMgikTFhvBw42x2cRUZFsbC462mkp2F8ZKUtWqktK/9cArwVk++XiCDgCOQRSJqwv2dHs1cBxJVfG74CHm5GpjnBFcjIgxfqsnVWoQ1bu7wQOBN5VVLF/7wikiEDKhBV0RiEscpn5/wLwcovuoNAzsyQYhv7c4mkV+Qjq9vFTwGcAZfFxcQQcAd9h/R+B5YHbzFhToZH/XXJlKMSM4mYVhU2eZBha1MRWFi3iW8CWRQ/7945AigikusOS7ZVssH5m+QfLzr10V0pY8WtziJ5WTreIG5nvoXwQy8gTAO3GZvk1lqnHn3EE5haBVAlLim0F5TsB2Lni7BYZeIajoNKFSVFfVlYC/myuP7LHSlF0SRHs4VJdmynOe+kxp7ooPgq83iIkyFyhigTCevCE2FV1joLZtqXnemCiSS+yhrXCJNW1WWUtJvdsqosiJJeQ3ZP8+qqI4lXpFm9S7Ko6R8Fs26kmvciT1deBF1WZFH82DQRSJayQvqvIJWfSKph2bKl7FMy2MeakF0VH5WlvVNZWTXVoTb7QjHrTeAt9lKURSJGwQh7CJWZTVRqszIP5Y2HTo2CoeuxJL+qQlvSIOwIKQy2/zhPt/3XmxcvMOQIpEpYMOWXQqYQTcs+pI+FYKL9A6cJk5qBwMdpllb0VnNTu2JNezNLvTRqvjHZld/YH4KFmXqI/KL+tMyleZv4RSJGwAtk0IZe8zkUr5VSzam+yakLSC0WRkPJ9bBKwLWPZrxj5ivQqz4FfAWu1FIZ6bBh6f2cgkCJhiVi2AXawnVHdBRKy3QQFfKyMN2O+KSwTlUJ4B7MSfdalhzJrV7WJqztvXm7ECKRIWDL6VEyrdc0IdGjTN/abwuzuc9JNquzfRFgSuSLJwFYJQOT4/dmhTYb3Z1gIpEZYD7DgeP8095xhzcay3oz5pjDgmb1JDfZq+p0iUihwoWQR8C/73WWALP1dHIGZCKRGWMre/B3gRxYaeYjLY+w3hQHToM/KY6zIrSIr/Rvs1nx3NcSVOMA+pUZYbwA+EiE2e5tTOfabwuwua3EuVI6OiEHXp7j2+sNxHbBGm4B63fODQGqEFZKiahcj4hqihJtC2SUtGGIHI/VJsb9EYDoC716yzmyW7GlFlOdRR0+ZnLjMGQKpEdYPgacBmwJSbg9VQnKMVYHrh9rJhv26EHi6ueDIFadIypBVto4mZitFffHve0IgNcL6B3BvQJERQnLUnqCf2ezYbwqLMJXtlaK33g6sYMr3ojJlvw8uUnregyGWRW0kz6VEWLo6123Ub4BHD3x+5uGmcBbEwQ5LhqMLW5gLuUrJfGJNM52Qkt9lDhBIibAU2lghjtt6SWIuh6Y3hVmj1mn9yirAY/a9TF3BeFdEIlusNkSW9D+xittsp42+e51TEEiJsJS5WRmcJxkzDm2BNL0pnGZSkB9nGRea2NjcHVgK3AtQbsjfx24gU1/Wov4pZkrRYnNeddsIpERYp1vOvxcDp7QNbMP6Y/gUirSmuQtlXWhi+EBWGa5Cx3zNQlQ/o0rBms8Gy3rZfYm0XEaMQEqEpb/kunWTXuPqEcxZ2z6FIi358cWIMlEFTiXxUDIP+WAqpVkXoqOhjog6fro+qwvEW2ojFcKSe8gfRxYvvYubwlhxvKosz2uB1c28REfSLsT1WV2g3EEbqRCWogEofdb5gNxzxiBd3RQGM4CLAeVobFPkgiOjzqoJOmL0yfVZMVDsuY5UCGsv4DDgaEDuOWOQpjeFVcZ4EbB+hACERW0GY9G+fAeDPktHYcXzdxkZAqkQ1vHATqa/aOsaPfbUN70prNKfLo6GYZerYH2PrdK5yM9K+a6dpCLDanfpMiIEUiGsS4AnAbqVUgLVMUi4KbwRkIK8bQlHw7MBkWVsUayrV5miXQr3vkThbeQKpGzfHo65r1mo2W4KhHU34E7LxnIfQO45Y5FbAfX5fma71Ha/lXlacaliH9k0BiWJle3V2sAv2x5IQf1ykH6FJ7zoeRZqNJ8CYUk3Ix3NlYBSzY9JlIxBoVcUIfWaDjoekkJcbhFZYzW5i4X0OQd4dqxKG9TzCDNt0R8zTynWAMiui6ZAWDqG6DhyEvCyrgFu2J6u/WXsuKHFjmpYXanilxpZiWTkPBxDdMzcAtjVbglj1Nm0Dnk9yPvhTDMoblqfl+8AgRQI6whgD+AdwPs6wDRmE8E6X3oXfe5Cwi4rlumBFOy/sMgMKwO3dTGIkm3INk82enKMv6JkGX+sRwRSIKyz7BjS5Usfa0qPA14JiET0uSuJadwp300F61P/NY4hiZzh5RSvAIKye3MZOAIpEJYC4ClJp6yrFYNpTPJBYG9gP+DQDjse031GYZAVDnlLM97tcBiFTclFSGNVIlylfXMZOAIpEJamQISl7MJjk32BQ8zodZ8OOx/TQblO+vquhqpLGF0wLLGErl216+3URCAVwqoJT+/Fgj7pc2bD1FWHYoaAGTJhCc/gFO96rK5WV4N2nLAagNdB0a2B04AzAH3uUmIF2Rs6Ybkeq8tV1bAtJ6yGALZcXAkzlDhD5g363KXECGMcjlzKti2r8iGK67GGOCtT+uSENezJeqTFoNetnYwdu5QYiSLGQAaBVD0/Yperq2ZbTlg1geuomDLK/B2Qi44+dy1VU3Hl+zeW41Yw43A9VtcrrGJ7TlgVAevh8T51QHWSnWYhUmRXZSgaOhGMhVh7WH7DatIJa1jzMak3fRJWSCd/FbBWRagUYeIGKzP0dTaGo2tF+Ofz8aEvpPlEvdqo+iQs9TS4r0ifJmfsshIy94whS1HQY2l8GqfLQBFwwhroxGS61TdhyaRiK+AlwMkV4ZqVuadiVa0/fhOwiiUqkXeEywARcMIa4KTkutQ3Yb034zguB/J5lS6Sfswrdp2NywmrM6hrN1SVsGLvara1ndU3bKdVeyANCsoPUe1nJXbm6q6SfjSAwYs6YQ1/DchhWzZRZXRIgdzOA7YHlNuwqcj+S8EDdUxSXseuJbgnTWr3FuD7FqBRQRoVr72Kni1bZ5dJP7rGcG7ac8Ia/lRW0SEFwtKoYqahV3jjlSx2VAwSrIL6ZWYWkQ3brBtIRbDYc0JFR1pyiar97DLpR5Xx+7MZBJywhr8cquiQAmGJrGSSILOCEwH5BV7QYKghRMxGtqNpUFWloiGPoUhLsebzot2fMuCEH/VvRUBW60dZWGbtwspISPoholNQP5cBIuCENcBJyXWpig4pEJZeOOl4ZF8URDd8CgmsY1NVCYaVCiaolGldiHZRinoqH8SySTFURmPU85LbjbSOBZQ5qUiq6guL6vPvIyPghBUZ0BaqCzokhUFZraD+/Au3MbAQ2C4T72kRUDU344HAAYDCTctVSIr9NkXEoxj8mwHKcKOcklVEY94td0mg2O3HAKdYRZPWvhNWFZR7eNYJqwfQazRZ9kXK7rDyOpyQ9VjNi7BEXGVlZ0AxuZaaT2ObxqAiK4XU0ZG26eXBesAbLcy0MuQEUUKMcycMvizOZXHz5yIj4IQVGdCWqiv7IgXrcoVzOdiyBWW7FELG6Hd3mI7rZkBGk/oJn7P//gfYH9jUKjrBwjZXVWqXgSZLVk0vDcLuUvkHJ+mklDhW2Z+zUhbnMmPxZ1pAwAmrBVBbqLLsi6QX/nBgR+uD9FVH54hrA2BxRs9TpbttR40IhFuHrORes4n9iKyyx2fZWCnbtEg2ZLjWuKUj01E37LbK4lwFM382IgJOWBHBbLGqqi+SlM4iJZGTRLsnkYBslcLPjeaKsgDQj9xSsv/q2LSOlVe2bK2V5Vsco6oO4wz9ntSv0M/wnf6vzNJ5UWoxmYRMuiHdHDgI0K2iJOy2quLcMhxefR4BJ6xxrIm6L5KIS/qncJyrM1olwVDS0S4ka0dWtT0dg2V+IRcb/ZTJM5jdbWXb8/eiKvodPe8T0xHQPTejm0btWoK90rolssTodk6Znycpp9scjo6d0qEV6dayejeVqSvabYnYwzHa34m6SHZQ7n/El99vprZgPQAAAABJRU5ErkJggg==	17	2020-06-20 23:32:46.025209+02
15	data:image/png;base64,iVBORw0KGgoAAAANSUhEUgAAASwAAABQCAYAAACj6kh7AAAJkElEQVR4Xu2dXcg2RRnHf55EIdFBYr1qJBlBWVqJEVhheKCQQZ0oRSbqiSYE5YkiWBH2cVBIkHaSX0ihBxUkUQd9YJKCH5SiQWho9qGCeWBQ1EFx8c7w7rPd+9z3zj2zc83sf2G57/e9d6+55n9d83tmZ2d3jkObFJACUqARBY5rxE+5KQWkgBRAwFISSAEp0IwCAlYzoZKjUkAKCFjKASkgBZpRQMBqJlRyVApIAQFLOSAFpEAzCghYzYRKjkoBKSBgKQekgBRoRgEBKy1UrwLOCPu7wufbgSNp5ngZ+BPwLPDM4DN+fynRrk6TAl0pIGBtD+ebRmAyUJ2+/bSsRxi4HgDuC/uTWa3LmBRoRAEB61igTgLeMdqt13TCRCyfAB4L++Ph87nEuL8eeDNwatjH3183svsj4FvALxPL02lSoEkF1g6sDwAfB84/pNf0AhDhFMFkoPr3ghE3kH4o7OcBJ4ayvwZct6AfKkoKVFVgjcCKkPoY8JaB+n8PYLLLreH+16oR2lz4V4Frw08/AK4CXnToZ22X/hscWGOe19a+SPlrCWSE1IXA2wZK/hGwy6sfAvePFPae7B8Gbgrjaw8BVjdB62AQvcewSKPu2WjPwJrqSf0BuHcCUsNYt5DsdmlodTkbELT+v6W2EMOe+ZK9br0BawpSh/WkpkRtJdkFrelm0UoMszfsXg22DKyTgUuBjwLv3xCgFEi11sOK/gpam1uogNUZuVoE1keATwMXbYjF74Cf73C5t0sYW0t2QUuXhLvkddPHtAKsCI+x2PcAdwA/KRCF1oBlEghaGnQv0BT8mGwRWA8CPw6g+ktBKVsElqAlYBVsEvVNtwKsGkq1CqwxtO4CLqkhoIMyW46hA/n8uSBg9XuHyS4PfwOcBlwB3Oov/Yp7JGAVl3jZAgSsfoFlNbssgOop4JwVTiwVsJblSfHSBKy+gWW1uzNcEq5xYqmAVRwhyxYgYPUPrOGdw18BF6+opyVgLcuT4qUJWP0DKw7C3w2cC6xpEF7AKo6QZQsQsNYBrAittQ3CC1jL8qR4aQLWeoA1HIT/GXBB8eyqX4CAVT8GWT0QsNYFLKvtmhrxmuqaFQxejQlYApbX3Mzhl4CVQ0VHNgSsdQHrcuC7gC4JHTVCubK7AgLWOoBlbye1SaTxER0D1227p0mzR6qH1WzoNjsuYPUPrOH73622NthuPaw1bAJWZ1EWsPoFlvWoPgfYQq+2rXGFHQFLwOpMgf6AZaD6PPDOULVfAF8GbJb72jYBq7OIq4fVD7AMVFcDZ4Uq2VqK31jJWNVUFAUsAaszBdoH1rhH9Qhw80pfJzOOpoDVWXNVD6s9YA1XgbZnA4+oRzUZRAFLwOpMAf/AGgLKlqu31YKG26+B29Wj2hhIAauz5qoeli9gnQq8d7C/B3jjyEV7j/19g/3JyjnpGQqefasctjaL7xlYw5V2Upb/ypXsrwXeMNgNQMN/D78fvyGNng2vOo6Qqg2olsaJcsWwzdbdoddrAVYrobPe0+PAo2G3AfRnnDvvGQqefXMeVp/u9QysoeJxCfvzgDMXDsU/whs+XwDi/vzg+/D/X1nYtxzFeYaCZ99yaL86G2sBVkpgley7qeZZJ8++7aaujjqggIDla9C9tfS0nqvdpbTNYy4JWK1l1BZ/PSaZF4mV7NsjYTPp7TEgAWu7VjoigwIClnpY+6TRbwdjgh5zSX909omuw3M9JpkXmZTs2yMxnDriMZcUw+0xbOoIj0nmRUAl+/ZICFjbNdIRGRUQsHRJuE86CVj7qKdzZysgYC0PrJ56bgLW7CanE/ZRQMDaR720c+NA9QeB+9NMuDlLwHITinU4ImAtH+c4FeCbwDXLF5+1xAisl4ATslrOY6yn3mweRRq3ImAtH8A42dIeyTkjPLazvBd5SoxAeAh4Xx6TWa0IWFnlrG9MwKoTg1uAK4EvAV+s40KWUiMQvg98MovFvEYErLx6VrcmYNUJwYnh4WcrfU4MvDXA6I8tcnFDHSkPLdWbXg4lasulOY2lrZr59zalMaWcU1KJ6M+lwJ0lC0q07U2vxGrotKiAgHUwF6zn8xngC4P/tss2W9Thxcxpk9KYUs7J7PYBc9Gfc8JLBkuWlWLbm14pddA5AwUErIPpYONJQ1jFX18Gfpr5tcQpjSnlnJIJH/2xt6bmBnoOv73plaNOq7YhYB0M/7gBWo/reuCzE1liS77fk7gAREpjSjmnZIJ782dcV+/+lYxNl7YFrGNhjdMN7P3v7x5Fe7hyjd2+P230uy1aavOqbp2RJSmNKeWcGS7NPtSbPwLW7BC2dYKAdSxeKRM6bRFTm/x5ejAzZ7XllMaeck7JjPTmj4BVMtoObAtYR4Ngl36PhdVsUh6ZGa++PAzt1GVjSmN/KvTuDJAeVs9JqcOSae/dvyW16KIsAetoGONg+3eAq/aIrIHrYuD8DTbGva+UxvQ94BPBR/O15maXyVYn2zToXjMSKypbwDoa7JJ3uw7rfVnZc2Jgs+NtlryHmeXRF6uD1xn7KX8UVtT826vqnMbSXu1293iJxN7U+5qrf+zV/A04affqFTky9vai8bl1KeLUyOgScV2iHiojKOAxyWoEx2Nix0ms42cNbQVoG2e7YuZdydy6/hk4eWDUYy55jGvuOKzKnsckqxGAmNh2qVVzSfjLgYtGY2Djyy3rqdn0CRvMv6CGWEDs6dlK1RFaHnNJwKqUIKWK9Zhkpep6mF2bV2V34Iabrbd3W9hL+2SgskeCzhoVNPVYUO2GOBxLs5sAtnnMpdo6lc6b1dn3mGS1gjCcHHoucKSCI48A394BkrUb4vhuZfTHwGuQ97LV1smLDt34IWBNh3LT5VmpwNvl3d0zGnvthvgccEqYMGvzwWwahz1raZs9yvSVUkLNtFtbp5nu6vBtCghY2xTy+XvNhhgfYfp9GMuKChngvx5elVz7hkD0qaZOPjOnca8ErDYDWHMhi8MeYYo3BGw80F45U/sNDgJWm/k96bWA1WZAIzRuCm/6fA3wamDq87DfDjt302/HhwH2qUeY7EV+lwD2nvcLK0NLwGozvwWszuIWL8tqVcvuZj46UbjNH7sXOBt4Grhxxthc7voIWLkVrWxPPazKAdij+DOBh4F/Af9c+PM/W/w2aFkv8FPhuLvCWy1qXyLuIbdO9aCAgOUhCv36YAPx1wFvDVUs9brpfhVUzQ4oIGApIUorMH5PvtcHpUvrIPsZFBCwMogoEzspMPVs5E4n6yApYAr8D5ll3GCOoxh/AAAAAElFTkSuQmCC	19	2020-06-20 23:38:02.009177+02
16	data:image/png;base64,iVBORw0KGgoAAAANSUhEUgAAASwAAABQCAYAAACj6kh7AAAQe0lEQVR4Xu2dCfB+1RjHvw1jm4ZBtpFKJftSFKKsqQhlX1qslb1hkiwRsjTJXgpRWcsS/1AiJpVd1iRJJbsyjJ2G+dQ5///puu97t3Oee9/3fc7Mb/r1/917znO+59zvPOc5z7KevDkCjoAjsCAIrLcgcrqYjoAj4AjICcs3gSPgCCwMAk5YC7NULqgj4Ag4YfkecAQcgYVBwAlrYZbKBZ0QAg+Q9DRJuycyfU3SGknHSvrlhGStE+UOkrYPP9tI2qyFvH+UdImkiyVdlPw3/n5Ziz4GP+KENRhC72DFEHiDpAMa5nyCpOMkfWZi2EC0z5e0awG5Tpf0AUnvK9D32i6dsEqi630vEwJ87G+StGWYFMR1YDLBh0raS9Ljkn/7uqSjJR0zASBSov2dpC9KOiP8nNtCvhtL2ljSJuEn/X1TSeuHPi6UdJKkT0o6s0W/nR5xwuoElz+8ogikH/s5kl4k6UszsLhlIC6Oi7cPz7xU0utHwo6j636S7hzGf6OklxSQhXGeLmnbpO/zJZ2ck7ycsAqsnHe5NAg0aVVNE32qpEMlbRBsXkWPSxVhbhdIMh7/0KgOmUO0TXNp+/f7StpN0i6StkheepekV0pCu+vdnLB6Q+cvtkTgv+G5RdtrVa3qhZK+3HLO6WNoHu+V9LOgfQz6YFuOv3OwoUGU5wXStCTLKGYkrydLulnA7/FDSGvRNlHL9fLHJoTAohHWTSUdKelRAcOqraoPtMeHG0X+u2efDjq88yxJR4TnT5S0h6R/dni/xKNg+lFJ95d0sKRX9R1kGQkrfiB9MVn096a2potEWHxY2Fy2lvR9SS/oqVVV9xD9niVp88JHQ46f+4fB+b3pNtNyr4PBs4eQFcJObXPnANAJKweK+fpYFMJKyeqbwQaT8/gWj4Y/TAzguVC+tiS0t8eGDiEGtMSla8tIWFNdpEX5cHPjtwjzLk1WEVPI6o4FtCzIaV9JfwhHwFNyL+JU+nPCsluJRfhwS6Ax9XlbkRXYcmuIT9apknbKBHbsEw90+sTIvrTNCctuaaf+4ZZCYsrztiSriG9OPJD/7BBagw/UFBxUS+2jK/t1wioK79U6z7lR7aQePtJU5z0GWYFmLjxS+QmJ4TZw6ZsTlt0S59qodhLnGem7ku4qabsSoRoDRPxEcHAsYWCfJ1aOfTAW2Q6AO8+rTlh5cGzTS46N2macqT1D/B1Ol4eHkJYpyEeYDOEpuC7sMMSRscdkhu6DlSUrPxL22G0DXhm6UQcMPeqreDt/RdJPK6EaYwlFuA2ZBWgPNAhVqc5zyD5YabJywrL9ZIZsVFtJ848Wr/MfIum0/N136vE7IeNCqSDgJmH67oOVJysnrKatlffvfTdqXinG6Y1wjIMkvT9c7Y8jxVUZEzgKknFhq5GE6LMP0tAWa5vbSDDVD+s2LLvl6LNR7aQrO9Jtg38QMW03kvS3ssPV9j72UTAK1XUfpJoVwdeDgodHwD3rkE5YWeGc21nXjWonmc1IpDfBZvSMkL3AZtR1o4x9FOxLWAQKk5ZlpTWrCJ4Tlt1ns+qEhWPje4LB+0EFYQfn6r6ewlGQKccLiO9JultLDOK+IWEghL/SzQnLbvlXnbCuJ+lySQTqklzuJwWgTwPf494mpUnMDjrGrWA6zT4uHnFOBE+PkdOqwDL179IJqz92Xd8ck7DY7OQa37EiNMZwciflzEowDxc+uKdIenU45nTFcN7zpIJ5S3ggzbk0laMgtij8vkhk19WJlnUj/nDlmxOW3RYYg7AIjCX/OBkCZjVL2whuDXx4P5ZEqamc7fchFfHPJd0rkPBUjoLMM9qiSBVMkj1vPRBwwuoBWs9XLAmLG7GXSYq2Ivyg8DRPjxRj+fWgZVAQgZzfucpgHRaI+d+SNgxkNYWjYHpEjdsGDctKo+25Vaf7mhOW3dpYEVbUKpjZDyS9eY7tIyWtQalrO8BIBRmKIVC7jyv6HI08UJSh+rSkR4YOcQG4nyRrB9G7S9o7/FTn5t/bwNV2AAcC2OH10oTVt5wTpPXbMA+L/UAZrEvDeGhDQ6sk7yOJYxYtGvOJXcTA/W1J9+iwRkMfhaiOSjqxwHOozAv1vgNqt1ylCAui4gONdqo+5ZxKyTYLXQoScAnAsfV1A5cA8oMEo10MTYsKNTeQ9GhJZGWwaBAVhEWjeCpE6i0zAk5YmQGd011uUqga1H8UtIo+V9/fCIUXrGL9qJKM/QqZ7zRgCWK2TbqIDqlvDeXY0+PhgCEaX0VDpYwXNjkaRAVheSuAgBNWAVBndJmLsNCoKDKArYRWZ1DvOqsxYv1inizKaVHWvGuDKLjh3EjSf4JGxZGQYyCNo2D8vWvfbZ9PbYCMBVmVHrOtbEv5nBOW3bIOJayqRsWH8c5MzoRjxPrhbsHt3uckoXF1bR9PagfGoOpPSXqEpLcHLatrn12e5yaWCw2SE1q6hnSRcemedcKyW9K+hHVNSRxz0KpyaVR1s7aO9bt+uN7H831LSWhcbVusyvwvSdcKDrHrS4LE/hRynF/WtrMez6U3sdjI8KtyV4UeQHZ9xQmrK2L9n+9LWOTrptT3JcH5sI+Nqo3UVrF+qSzvkPScoCk+t42QktKsC7wSNTSSBBKrh+aGz1mJxtjcPkKwtBxVoUvIubR9OmHZLW0fwnq5pNdI+oukewd7VSmJLWL9qrITAExuKtLOYA/6c4vJxVCb+CjxgRsEv66hRvx5w6daFTJDjDFGsYXY/kgOBJywcqDYro+uhPUYSSeGrqno+7F2wwx6qmSs3yzBPitp55aaUTwK/l3SdROn0C8Er/79wvF5EAiVlzHkE6MY4zCtHVFzzmXh+3LCslvCLoTFVf9XJWGXeYWk1xqJGWP9MCJvYzTmbsFXCs0p3nzWDV09CsasofcJ1XiwXRH2graWq0GkxwUN7luSXuxaVS5o+/XjhNUPtz5vtSUsjkZrAmF8UNLufQYb8E5bOQcM8X+vUqBi84YsBidLeljyZkwVA6FQk+9QSQdkFApDOpksaGi6jJGTDDOKujpdOWHZrXUbIkj9ejAmc0WPj5FlayNnbnma8kTFxHf/kHSd5Ch4a0kXBmE2lUSmhhwN8ts/dJSbCHPIt7J9OGHZLX0TEUzFr6dJzhKIRUKCfDarGSASGn9KU9NgT+KYdrykPTMIhosFfWEzpOFKcmSGfr2LTAg4YWUCskU384hgSn49YxAW8J0laVtJdZk1iQ1Eg6I9TxLuEJALQdvEDEJ4vD+k4QBKv/RF9geOgKcM6dDfzY+AE1Z+TGf1WEcEHAHJNIDhmTaFG6ixCCvGBVZdE9J4QYjk5pKukBQzjOLw+uCBy4idkHzzkCCuCtivSqRwHiimv+6EZbcH6oiA4wcfC0ntuJKfgl/PRZI2DlWaMYZbNvJ3cUOKE+sxYeCoefG/aWplCjncJWR9iO4ffWSNx0reJcSHIGoI0dsEEXDCsluUKmFFzeECSVzNTyW0g0DkXcORCC97y1bFZItQ5j7KcAtJvwnFWCG0Ie4X9EWWBVwXaCU95C0xXOqxnLDslrdKWNhHcEZMtQk7aWaPRGVkbGoEVrcNl8kpd3RTIGPoeZL2DZ2nudDJUEH+r76VZPA34wh4K0m/CFrV53NOwvsqg4ATVhlc63qtOxJOsRpKzIWOo+TWdvCsHSkty05hiZuEv3D848gISaEZQVrkhu/aYpYI3sPLniPgr7t24s+Pg4ATlh3uYxmzu86QkJdYSp74QsJgrFuatpmxycJAqBItZpXoql1dI2hVlBmjuX+V9apmGM8JKwOILbvoSlh8tPgBUaY8bRjqifkraaDHNkQCvDELj0Iw0WmW6j+nhwBpXBkIksadoW1Da8S4TrgR3upoVdb2ubay+nNzEHDCstseXQgr9XifJWHJ1CYkwMN+dWBIoWKH0rqRGB85zgjVb/gLflrcGnYxtqc+bmhnHAm5YfS2gAg4YdktWlvCSm04dZksY8YCJOdGD6N07htGXC3Q5E5KfMTskLpqpOji8ARJFK2g4c1+rKQPS3pSg0Ceu8p6xQzGc8IyADkM0ZawyGCJIym3ZNTtqyMjPkZSnmCIpoAEN40YoXO120g6X9LFkjbJ1WmHfmKZrjNDQHR8FT8ssleQI+ygOf157qoOYC/So05YdqvVhrDih4Yj6Q4NmhOaGI6O+BGR4A8fppw5s9rIWwK9eWW6PiTpiZL2CmlfquMTh/i2JEf8FCIHSmC0sn06YdktfRMBpPme2hq7yfcOaZFCmZYzd1aTvKWQm1emK5Yjw9H27IoA/NtHQql6CnSQbaHkxUSp+Xu/cxBwwrLbHvMIAG3ptHDE66MVxFTKzIYcWlzdD01LMwZhbdVQpiuWpCdRX3pUpmAqZAWBkzcLu9df7ZbWR7JCwAnLCmlpHgGQwgTjOfYrPr4+DT8l3B1i9Ri0riEJ58YgrKYyXXUyUcSCLAs0vNef2Qc8f2cxEHDCslunWQQQc0HhX4QRfciNH4HD+BeRKoWAYMrB923WhEVB1aYyXVWZML6jXdJII82R2NsSI+CEZbe4swigKdtmVwkpmkDJKyrJDPHmtiasmJVhXhByKtO7gwMo+OCzReyjtyVHwAnLboFnEUAs2b5dKKaQQyJuDomTo/XNmmlJWDFLA1jEmn91OESZCFQmgBk7HfYqNDOrRkgQmutOVgP6OOsQcMKy2w2zCKAUMaRFFCCwrtkzS8lVh3jb7AtprvVfBeIYmml01g7A/4wqPlwE8MNxe8PkYQLXPcOD3fdz5UhOWHaAWxMWM4sfOLdr2Mq6ZNG0Iqy22Re4ST1VEsVXx2zIgOd9qQrcY85t8mM7Ydkt0RiExexOCEUV0GJwd8BHqU2zIqw22lUaW8mxEReQWNWmzVz6PHNpCA+iXmL8IRurtxERcMKyA7+JsLqmS2krOXnKSYoXbwz3kXR0w8tpepeSe6SNdpWSVV1sZVsc/LklQKDkZlwCeLJOYRZhYQuJ9iXKXBFwTFAzcXQ521GS9g4dQlgQV7VFg3Isy87fS+6RJu2KtDB4vuPu4WSVczcsaF8lN+OCQlJM7HlHLIiCAGbSp0ytldojUbuqVsmJ859S6bOprcnKylNqM64soHMm3sYmhGGcTA0krMP507qlBuU28g6RjxTM3MJVj8KeFmYIqkv+rhOW3QKXJoAuM0ntQnVpbKL3PYnuStzKRb8rLgDIbFqnVZ0Tku15AHOXlV3yZ52w7BZ4SoTFrOclCsztfV9Fuc52ldYH7BMAbreSPtJoCDhhjQb9JAauu4FDMPJxkREhp/d9nHDdzWDUuHAGJdupa1WT2B7TE8IJa3prYi3RrPzxaR3AnDJx1OOYGW1XjE9uK5LvTa1GY855e18ZEHDCygDiEnRRrdBzsKQjBmaOqIMlFmklOHv7yrGULBN7LAGWPoWCCDhhFQTXu74aAsTmXSCJ8l0PD7noCXHB12pe/nqH0RFYi4ATlm8GKwTQoEgqSEZUikw4WVkhv0TjOGEt0WJOeCq7SFoj6QpJ95R0mGtWE16tCYvmhDXhxVkS0VKjOn5dG0m6oR8Dl2R1jafhhGUM+AoOF6vgpFOnFNchBYz6Kwjvak3ZCWu11nus2V4eNCoS3lF6/tyxBPFxFxuB/wGcl0p+Ciy1OgAAAABJRU5ErkJggg==	20	2020-06-20 23:40:19.101991+02
17	data:image/png;base64,iVBORw0KGgoAAAANSUhEUgAAASwAAABQCAYAAACj6kh7AAAPRElEQVR4Xu2dd8w1RRXGH2JBo4mKHdQgosaGRlHAjgoqiAYLREVBTVQ0iOUPe1cswYJEQaMUsWEBFMUCYsOIitgRrFjAhopRYzAazQ9mPibrvXdnd+fM7t57JrnJ+313Zs6ZZ3afO3POmTNbyYsjcCUCt5L0MwfEEZgqAltNVTHXqzoC/w0S7yDpvOrSXaAjkIGAE1YGSBtSJRLWwZKO3pAx+zBnhoAT1swmzEjdJ0k6JvT9QUmPM5Lj3ToCgxBwwhoEX1bjuHK5saQ/ZLWoX+lMSbsHsdiwdqyvgkt0BNoRcMJqx2hojUhYb5N06NDODNpvK+kiSZdKum7o358LA6C9y+EI+IM5HMO2HiJhUW+KBu0HSTpd0lck3ccJq206/fsxEXDCskc/JawpGrSfJekISe+U9DQnLPsHwiX0R8AJqz92uS1TwpqiQRuPIETFdvXFkm4kaTtJF+cO0Os5ArUQcMKyRzolrN9Luom9yE4Svhy2gntIelny9xmdevHKjkAFBJyw7EGOhPUpSXsHUni1vdhsCZdIun5YVUFYcbWFk8CLIzApBJyw7KcjEtZDJH0miNtJ0vftRbdKuL2kH0q6UNItJaX2rKe3tvYKjkBlBJyw7AGPhAXWGLafKumTkvaxF90qAVI6SlK0raUew/u2tvYKjkBlBJyw7AFPCet6ki6QdENJT0miy+21WCzhA5IeKyl6L2NM1p8k3WAspVyuI7AMAScs+2cjJSykQVTvlvRHSbeV9Bd7FZZK+G1wAqTxYalNyz2FI05OT9F4eTmp0PzsEGyVabeze/9np3DPSRyzWZOw0IUtIQZ4tohj2YqeK+lNIWh0zwSg1GvonsIxn5zVsq8q6aGS9pLE9h17ZNcyu/d/dgp3nZEJ1F9EWHeS9L2gG8b4z1bWE68gZwavI+lRkk5K5KdxWXP2FKbhJE14wftEScdWxn2ouJsFgoKo+Gy9oEO28z+X9NMFn6meZc3GxQkrG6reFRcRFp0RQvBKSWdL2q137/0aQkSHSPqEpEc0ulgXT+EqwopD5sU+RdLJks7qB6V5q7sHcoKgdm1I49n5dPh801yTCQhwwrKfhGWEheS4/Xq9pBfaq3K5hLtJOifI4u9zG3I3wVP45GBLvGdjZfnyCWXUIHvGcxre5MsSgjpN0m8qPTOTEeOEZT8VqwiLh5LULhT+/qK9Ovq4pIdLWpY9YpM8hfeWtK+kx0si/Q+rlIdNgLT4AXt+eBbIpHGqJAiK1dS/KzwjkxXhhGU/NasIC+nx4fy8JFY3luWRkj4m6a+SyN+OvWNR+YWk7SeaXcICHzxrOELYfnF86v0jbBM5v3mgJJIpxnxkNVfeFrgW79MJqzik/9dhG2HRAAM8hni2KpaG4C8Fj9LzJL15xdCb8Vn2KI0vAdLCpph6bX8ciMzSxoWXD6LaL4GAExFvqLTiHh/5Dho4YXUAq2fVHMKKKYo5JnPHnnLamvFicJ6Rl5D4r1WlGQHf1vc6fR+3iWwNb5MMDO8pNi5WYGmB5N7RYxvJnHNuc5eksw9Lem+Yp3XCtNhYnLCKQbm0oxzCojFnCyErqwh43Pj8ipNC5rCWYcczhr8MW0N7lKYpoWnjIhSErXSzdLF9sZI7XNITQic/kvQ+SceHzK/TRGIiWjlh2U9ELmFZrrKwj0SPErE8GHLbCnUwwN86xPO01V/n7yEZgmwPWEJW2L5ySCu1lREn9boJHM+a1bw5YdlPVy5hockPgqG79CrrRZJeK4ktx/6ZQ47eRG7Q4XB0zZITQ5Xqw9bqXRUUxMbIKvXBiSy8i9Fg30ZacVxt9SoMZZ4inLDs560LYcVV1rck7VxQtbjdxC6DHSunvEQSebveIoljPDVLV8JCNwgrpniuqSuy0pUT20Z+HKLzhO+eEexf1O1r86o9pknKc8Kyn5YuhIU2BHUS0FnKYxiN7aze8ETmFlYReKuIAI+XU+S2rVkvDYSttdJaNL7mthG7FFu+t0u6f2jg79vAJ8MBHAhgRvOuhFXaltXF2J4Oh1Q4f5b0ryVn1jKGXq0KOcY4SE5hZcoKdazCDw2nFoililenERDMVnz2Z/nGAjXKdcKyn4GuhIVGpTyGfYztKSKEWeAxvEcwKtuj1V9CTI5IYOyj+3dTpCWrLVa05D3jOA1R69xM5GUgAk5YAwHMaN6HsOIqC5c36ZT7HsfoY2xPh3RcCGp8Zog1yhjuqFV+LQkvKFvYMQ8zpyu+CAhbRAJ2fZU14BFxwhoAXmbTPoRF19FLxzGRRe70HPHnhyDRLsb2tF+MxdhgiBE6KEfgyHUIPcBBQBQ/5DBGadrU+LGJW0T3Dg6cESesgQBmNO9LWASRfk3StSW9VNJrMmSlVWKCPjJC3K9j21id+KJvSDovhFv07KZaMwI9ucGalWmfhHZDFWUryCFlSCv1WvL/aYQ8KW1OaOQhGyp7I9o7YdlPc1/CQjNsMR8JKj5G0kcz1V2VoC+ziy3VsMFcXdI2I6dzztU7bgvTtM+5bYfUS0MbFl0ysihUg3xkrxrZSTBkzNXbOmHZQz6EsNAuxkP9PST6w5jbVlYl6Gtr2/weW9C9JI2RGbWrrtQf6+A2KWDYeuds+1j9ksCRjK+UI0N81rLsGX1wWMs2Tlj20zqUsNAQgy05mxZlCG2OoC1BX9cRYw8ikVyfbWlXWSXqj3FwO3ooCacg7i3HsM4qGNIiwyuFlD+stlZl0SiBz6z7cMKyn74ShMWFA6SguV3G4ei2BH1dR8w1YKxacsiya98W9ePBbc5C4jG0LkNjwO4aouBJqkj5TkiuaJlmyBoTs/6dsMyg3dJxCcKisxjqwKFZtmiLfsVzE/R1GTUBkD+R9DtJN+3ScMS6HPQmBs3ajlUyyp65w7MZ0zaz9We15cSVPEhOWPZvVSnCQlNyJZGWZJmd5KvhgW9L0Nd11HgJWd2NHd+Uq3cNOxbHbfAEks2i5DlGfpiYP8iWQvAu4RpOXJKcsHJfgf71ShJW6olqklZcgX1bEtuMkmUK8U1dxmNtx+KM4AuCQseEbXoX/XLqcsQH43wkLg88dcLKeW4G1ylJWCiTkhb/5keHh5uUulwvXzo1DTJifFNOttLBgBXoINqxyJwQ86MX6PbyLt4T8ObvGjnX07OJOR7IUuOcZD++wrKfltKEFUkrTVkSR8FRHH79LcoFIWXwXLaFFrhHbyA2PTJDfMEC6AV9pj9S2LbYMn6ukuxJiXHCsp8Oixcn1Zr+a9xk3LYtvHPwcKEb+pAskO3SWKU07kO9gUNxgLTIHc9N3RSOTHGo+h9DO55Teycs+9kq/eLYa7xYQtwWcltyM695/K7ZkqvLOFJU477FpuySuJf0Bg6dv1ckyQCJ6oe0ameEHTqG3u2dsHpDl92w5IuTLdSoIjahHRZ4C5urLxwABJvGhIE1bD1WhLXsfKARxFnd4lTBZhnvsfxQIK5fZbWecSUnLPvJWyfCWrYtXGbfSr1p5Ph6a8VtYgnc284H2j89qyUcEojrmpL+GUiLYz5rW5yw7Ke2xItjr2WehEXbwjYP4u7harEHBhG14opK4H5SuMp+yt65W0h6Y3K5yBmBuM7Nm9J51XLCsp+vEi+OvZb5EprbwjZjfOyZbSJxRfGiWOu4oqG4x9UhR6L2yDwfmI9i+ZocoWKbePPQNZddYO9aq+KEZT+dQ18cew27SWgSFGff8BDmhjtAXFzmiuHecuUyBHdWhWcGWPh7DKdBt1m5ova1AmmRIZby9eD0IN3NWhQnLPtpHPLi2GvXXULcAn5X0l0k9Rnfqoj97hotbtFHL3pCt9NDauoxnAUlxr9nyATBmVMKWWtJU3Rhic7H7MMJyx79vi+OvWb9JaRj6js+a9Lqo1e6+jtZEgeS51w4PkRYyVUk/SeQFiQ82+KEZT91fV4ce62GSShBWHE1k3trcleNu+JO3vXDghBr+1rXsQypv30gLfKpUc4OF73OcpvohDXkUchr2/XFyet13FqlCMuStLrgznk9zgheEjxsY0boW80s2VCxHe4aBMxym+iEZfV4XNlvlxfHXpsyEsjJhdGcTAKEKVCGPEvp9pBUNkRvD10B5OLONpCwAA6Ol7ptuwzKNr3Meps45CGzgXP9es19ceY08jTf1FEFCCuutAh63K/QCqANd0jy8JBfDJGsPuKWcE5z0UfX5jaRc58Eoeakdu4jr1gbJ6xiUC7tqO3FsdegvISYbwq3+S7hsDOXVJQopVYAq3CHrE6URBI+VovEXK3jNrBtPtgmErtFOh7LEJM2PbK/d8LKhqp3xXUkrJhvKoJSeivVXAGQ1gWS7FJW4R6/I75q/zmsLLoMvGPddDtOkOyzK6bN6ajqMLtDZ2HeYK0QwIbF6oRi9cPHCuCIcOC6axriZYQV/59IcNK1TH4bVOGpgbSODseQEMeqK2ZUrSA+X4TVg5avgdecMwI1Vo99U7vU0G3Oc7dI9/SwOucoD54aoTthrdsjV3c8tUiha/I8yxTJdRGuL42jSGTV2Clc7jqp84hOWPUfiHWSWIuwwCy9rHTnFhCtL6FYpzlcNBa2iKTgnhRZWdoe1n1CfXxXIFCTsJB3jiS2iG32rBrXfPkzMAICvsIaAfQ1ElmbsHLtWWTeJM2K9UWqazSV8xiKE9Y85mmqWtYmLHBos2fFbBLnh8tfp4qd69UDASesHqB5ky0IdM2FVQq61J61V+LJwvZyiqTdwjXvXIflZY0QcMJao8kcYSi52UYtVDtVEnFarKQIAIWkSCQYS25CQQvdvE8jBJywjIDdkG7j9utvkg6VdGylcSOXdCkHSbrGEpn+bFeajJpifFJror2esgguJGKccqkkbsch40L6ubjA0LeTdGA4SkOMUCyXSdo6ZNU8YATPZYGheRe5CDhh5SLl9VYhwFlCyIKgw0WFFDTcBk0Wz7M6Qrm3pCcmWRxozlXxbAnp72pJ/vUHJH/7s90R6DlU90mdwyzNR8dtw8l/Is3jh9CCbQoNgTQox0s6rdFfeqSEr/y5LgT41LrxiZ3ajKynPtic9pXE3YSpYTxntKT0ZTUFUV20ogErvBOcrHIgnW8dJ6z5zp1r7ghsHAJOWBs35T5gR2C+CDhhzXfuXHNHYOMQcMLauCn3ATsC80XACWu+c+eaOwIbh4AT1sZNuQ/YEZgvAk5Y850719wR2DgEnLA2bsp9wI7AfBFwwprv3LnmjsDGIfA/kKvjbwJHqIMAAAAASUVORK5CYII=	22	2020-06-20 23:56:34.574212+02
18	data:image/png;base64,iVBORw0KGgoAAAANSUhEUgAAASwAAABQCAYAAACj6kh7AAAPnUlEQVR4Xu2dB8x9NRnGH+KOM2JUHKhgTNyiAop7ggsXDhRxIvpXkagIuPcAF6g4ceFWBBUHuDeIiuJMVBwg4CKRGI2o0fy01eb+7z0957Sn7bn3fZOb78v3taft057ntm/fsY1MDAFDwBCYCQLbzKSf1k1DwBAwBGSEZYvAEDAEZoOAEdZspso6aggYAkZYtgYMAUNgNggYYc1mqqyjhoAhYIS1mWvgX27YNv+bOf+zHbUt2NlOXVLHjbCS4LPKtRAwwqqFfN12WyKsK0raIukpks6VdLakc4Kf4e/87/y60FnrNREwwqqJfr22WyEsyOoESTsPgOIHkk6SdJykrw6oZ0XXAAEjrDWYxBFDaIWwjpG0j6RTJe0t6SKStpN0lYWf/m/8/ZLBeD8h6ZWSvjACA6syQwSMsGY4aRm63AJhPVLS2yT9XNJukn7Xc1y3lnRfSXtJ2t7VeZmkQ3vWt2IzRsAIa8aTl9D1FgiLo931JT1K0ttHjuWlkg5xdU+T9FTbbY1EcibVjLBmMlGZu1mbsCCpoyVBWjdMHNsd3LFwJ9ttJSI5g+pGWDOYpAm6WJuwcuyuFmHhWHiw+yM6rYMkfXsC7OyRFREwwqoIfsWmaxJWzt3VIoTstjgm7ur+sb+kN1fEeUjT3Jj+1lWw93IFcgbMkCW1PmVrEtYUu6vFmXmTpMe6P0JYEFfr4m9Mny/pea13tlb/jLBqIV+33VqE5XdXP5R0g4khgLAgLuQISQdO3F7K4/2N6c8k3WrAjWlKm7Osa4Q1y2lL7nQtwvqaM2FIuRkcMvibSTpe0tUSbyOHtDmm7Kcl7S7p0c7UY8wzNqKOEdZGTPNWg6xBWNhPfUXSGZJ2LAj7lDqzXMOoMR+5+l70OUZYReFuprEaLwgW6fgLvsrZS5UEo4TeLGU8NeYjpb/V6hphVYO+asM1XhAs2neQdJsKPoBeR3SipD2qIr9149eU9AtJZ0m6emN9a647RljNTUmRDpUmrFrHwRDM0mPuO5H3k3SsJPRYd+tbaVPLGWGtnnm/wBdLnCzp45LeKek3M104pV/emsdBP0Wlx9x3abxI0jMlvcT97FtvI8sZYQ0nrLDGBx1xfXJmq6f0y+t1SDWOg60TFmuHnRXO3Oy0TDoQMMLqXh7LXux7SNpX0gODqmznD5uR421JwiIkDDvR8yRtW/FtzDVmnoMu7AMJTtshDL+XdAVJ15L0y4r4zKJpI6zhhOVrXFXSwyWh0L22++Ncwpzkenn7LPI7S/qMM2m4bZ8KE5XJNeZQVfB5SRzpxsbj8pcBX5J0+4nGvVaPNcLqns4LXFC5i0r6e0fRuYU5yfXy9nkZDnCW5lidP65PhYnK5Bwztl1YzvtIEy8PwtwM6f63JGHcagajPVEzwuoG6k+SLiPpsj1iic8pzEnOlze21N7ofPmeLOnIWOEJ/z/FmFMiRPjdFRElbj7huNfq0UZY3dNJUoQrSbpy4EkfWwDhbusjkh7foG+Ydw4u4Rj8ZWd7dRdJn42BN+H/pyAsujs2QoS544yYbCOsbtAw6MOwb6hClEX8Gkk3cvHK79kYaXEM4TiCTB2C5Q9O2Y7Oj6w3tWQqwvLjGRohYur+1MJ50naNsLrh/ZGk60q6nqQfD5yJMCMMSRZaI60wmgFHkimC3fkbwj+6m7CBEGYtXoIgQkxPcXqtL64YRYn+ZAWwhYcZYXXPAi/xTZ1i9DsjJqx10vK7Aux/sAPKLa3cEDKuUgTB7vVwd1Sk3WU3xxasb+RKM8LqBo68d8QnwrWE0ChjpHXSOtOFX1k06vQJTlOCybVyQ1iSsPwaCRXyYYIMcMWGCzMGC9Y38I0ywuoGDPshdgmpCuOWSWvRbYYre4xiic+EpLxUrdwQcqQnaCAO2N5mbuCrMqr4spvjyznzDo6KD2pMtzlqkCUrGWF1o/1RSXu6D/6DKdIqaXnHZCyuyQ1I6i0vkNVRCS9VKzeE2H+9QdL7JD0kZRJH1g13WzziL5Ie7HxSRz5yM6sZYXXP+/vdtyDfhPgNpkprpOWTkm6RdHE3OPz+iFk1NldgiBFJFRhz7RvC97rM0piYsOurIey23upC7Pj2LXP1wJkwwuoGjJf2Ee5DdIYcUpO0MIK9qzvu3cmZa4RjwuePcMK5pJSiO9ZfxsWNJbtHbn5rCPN+urPrQ4d1yyBz9VhL+RrjqNqmEVY3/ByH+FZmB8KRIpeUJC1uOSEpPnzLh/ITSUQLOM6Nj8QQOd1EWiAs0tpjwItpyS65JnDEc1ApYNrCDo81hYRHxVaNjEcMdboqRljd2HqFNCnQOSbllClJi53UY5y+hmv2UHDUPcl9QlMN7yqSM6NNC4Tlw7dMMYd914M3H8FM5u4LOsHQyDjlgqNvX2Zdzgire/p8cLVnSXrxBDOdm7Ru4ogKsrqY6++vA4KCqPCPXCU+blWuXVZtwgIPTAr+5nRp508wh7FH9jHQNbusGIru/0ZY3UARCRLSgqwgrSkkB2lx7NlvIcTupyS9xR33+vbb77K+79yK+tZbVa42Yb1O0hMkvV7SE1MHM6J+SReoEd2bXxUjrO45I8sLx8KpM72EpIU+iTjfXYLyGENP4kvx4RYOYSfBTRSf745cjjgoo5DPEdurJmFxLMZMg53mTgl4jITxP9W8HV8JJ/OUfs6mrhFW91ShHEXxjsIdxfuUAmmxwHGYXiQLDB89OYUE5fuDIzMmGOyoUo896FQITIfcMSE4HfVrEhY6q1dIYqeJ3qi0HCKJyB3oCRf1iKX7sjbtGWF1TyUmDZg2vMNFFp164kOyeLULa7OMoLimxyjTf3Jf1fvbq885S/+x465JWN5xnd0qu9aSQoQP0s5fSNK9JJ1QsvF1bssIq3t2cVHBZoYPlslTSbiDImY8x5lQpiaoZePCZoiImilp5WsRlt/d4P6yaMox1RyGz323pIdKeo+kfUo0uCltGGF1zzTfjh9zn3tnXBSxI95fJV1C0vecaULuHVSfoeQwc6hBWLV3N9haYXP1T+e3aIkl+qy2nmWMsLqB8uFR0C1heDlWQiU50R+2j+ygiB9PYoLtJHHT9aSxDSfW47YwxZi0BmHV3t1gOoKz/KFOF5k4BVY9RMAIq3s9QC6EmCG0DH53fSW2g8I2imd26aAIP+KzsdRa/H6X9U1Ju/YdfFCuNGHV3t14R3J2VUSpNcmMgBFWN6C4tWCdHLvpiRHUWB0U+o9jXBcfJondQ2nhWMrNJfq8Dw1svCRhoWsjezIx+GsRfAsZrgdO0byKG2F1zxfhkdEfER4ZUvIyFUEt641XIPO/VDODMauTbDfEpx9zY1iCsFCqY+CL7RiCoe+zxww0sU7o3Fwzw3XiMNquboTVPT8ocElEgQEixpjsuHD3IItOKGN3UH1Xx2udpfY5km4n6ad9K2Yoh+ElYWJIdTY08urUhBVmKELfhilIjrA4Y2DDVo+4W6Fz85jnWJ0OBIywloPj40ShE7nOkiK/kvT1Ce2glvUKW6L7uFRZKHVLCuFPnu6Op/sOaHgKwvKhm58b9COHVf6AYW1V1OuuIHaOz3zBmUyAgBHWf0EN048vg/kfknhp0WXxqXFVjZkDFui3kFTa1QMF8hkOmB3crrPPcpyCsIgx78kKnd7RklZlpunTxxxlTHeVA8UezzDCWk5YKJrR2WBPw00dZgakq68tNZ1p3yUJxf9hkg7uCcQUhOWfiXK9lZ0Mfps3dv6d3CqbTISAEVYcWByKISt0ORfEi09eok+4kik64U08CE8DWYBLTHx24xRr+bANb2ZxoqQ9Yo0X/P8UxFyw+/NpyggrPlckAb28y158Xrx4kRI+INzxkggtU0p8JIcDJR3Ro9Ec1vJhMzh5s8vMFa+rxxB6FTHC6gVTeiEjrDiGKNixTL+GJAw+WxFSVqFP4mKAZAYl5AEuGQe2aWSL7iOp1vK+DU9+Q9ru078cZYywcqDY4xlGWHGQCBmM3RUuKvzeijzDBRYkmw9ZfUoJUQh2HKCvybHLurBL4IBdXGu7K3A3wiq0+oyw4kCf4pIXcDvH760IQfvOcp0h0w22YCVkzI1Y6i7L+wfiiJ7TCT0XXkZYuZCMPMcIKw6019vgCM3NYUtC2BtcZrD0xi2lhIzxl0vZZRGa+oWS/uxSYxF3vjUxwio0I0ZYcaBRbPOtjtEmmaBbEiJpor9adB2auo/Yg+ESMyQTzZgEF3sF/ovozz489cBGPt8IayRwQ6sZYcUR88cRHJEJyNaanOwiKZTU7RDF81iXgQd9FjepMfG7rLNdUDsfiWJVPXSG35B0KecbiI+gyYYjYIQVXwD4hu3vkl/WSnPe1ctatknsNveUdKQkHKT7iHfxoWws27F/vkXt7IPshpQxwopPNIkMOPoc5JIaxGuUL1HjSBJa3fN7mJS1C4Ew2zEmCujeyHociidhjrr45uEaZWIIyAgrvgi871rLWXlrEBbIsbsiGurQ2zv0X/gDEnkCof4LXOwxnJtxLOeoWfKYG18JVqI6AkZY8Sl4mqTDXX5Cfm9RahHWtpIwYCX0zP2X7JRiWJH38TmuPmUJ4cNujTyC6A7xXTQxBP6HgBFWfDGgv0J3hTsM8Y5alFqEBRY+2Sy7IvwNhwqkB2kdEFQ801nSt+DcvLskfBdNGkDACCs+CaRr4tu+ZeVvTcICwdNcYMOxRziOgZhKkKzDy7kuUsZUuRfjMy/VutDo07eNLGOEFZ92bLCwxRqqp4k/OV+J2oTlX2zCrHCcGyKQFYlGd5Z0qsuyvbfLPBM+p0/ijiHtdpX1ARz3k3Rp06XlgjX9OUZYcQyJFY61OzsAHzc8XqtsidqExWjZCRHLfGgCCOy5sOuCrHDk9sfAMG5+n9RoOXI3EgaHXeJuwfRtcSRadkattaUIGGHFFwbprTDOHJvqKt5CeokWCGtMii1v4kDARPI+dumsYok/0lH8/xOIrsqumrDUFpAvJ7KJzzLCigOIXgW3Er7BQx1LvGa5Ei0QFqMdksQU0wZ2rciYbEAhge3izCBSEUe5jn9mrUQWqf1f+/pGWN1THMZ6R4dCTKwWpRXC6psmHr0V2bQxCo1ZvLeIt/WpEgJGWN3A+xC/lCLaKFfwJt0I+DyK7EjZRS0e80IlO0cu9FcmhkAvBIywumFCCUtWFoR47sR1N4kj4MPeLDP+XKVkjz/VSmw8AkZY8SXgj1stu+bER1G2xCr3Gq9kP92ZLbRgGFoWGWstCQEjrH7w4U94VENppfr1um4pb5tFSGXMEriwSFGy1x2Ntd4EAkZYTUzD2nbC5zIMB1g7S/Pagr0JAzPC2oRZrjfGxbTyODOj1zIxBEYh8G/+Yi5+vMAXNwAAAABJRU5ErkJggg==	23	2020-06-20 23:58:56.244574+02
19	data:image/png;base64,iVBORw0KGgoAAAANSUhEUgAAASwAAABQCAYAAACj6kh7AAAJJ0lEQVR4Xu2deah2RR3HPxIUVARltigtlhRli6UJWZa2GJVFG5YGigppq5l/pJVvpVH+US5taKCmkVa0UbZY2WJaoJkJJhRRVmjaHlSQEMW35tDxcO9Z53177/N8Bh7uc++dmXOez8zz4Zw5M7/ZBZMEJCCBLUJgly1ynp6mBCQgARTW+E7wr5JVZuOZmVMCVQn45RuH82jgAoU1Dpa5JLC9CCiscWS/CRxcsu4N3DSumLkkIIGaBBTWMM3dgVuAO4C7Aq8Gzh0uZg4JSKA2AYU1TPRZwNeBnwF7AZcCRwwXM4cEJFCbgMIaJvoG4BzgU8BhwM3AnsPFzCEBCdQmoLCGieb27zjgBGAbsCuwB3DrcFFzSEACNQkorGGaVwIHAs8uwmref2O4qDkkIIGaBBTWMM3bgfuVq6pcYTVXW+8fLmoOCUigJgGFNUyzPWG0Gc86Dzh+uKg5JCCBmgQU1jDNtrCaJ4bfBZ42XNQcEpBATQIKa5hmW1jNnKzfA7sNFzWHBCRQk4DCGqbZXUN4G3B/4MHAr4eLm0MCEqhFQGENk+wK6wrgGcChwJeGi5tDAhKoRUBhDZPsCuss4I3AKcAZw8XNIQEJ1CKgsIZJdoV1DHC+S3SGwZlDArUJKKxhol1h7QdcC/wYeMxwcXNIQAK1CCisYZJdYSViwz9KsbuVKA7DtZhDAhJYTEBh9SO8B/BX4O9A3jfpRiBxsZ4E/GBxK1iBBCQwioDC6seUqQu/LNMX8r5JlwCHA8e2IpGOAm4mCUhgPgGF1c/uicB1wI+AJ7Syngy8BzgbOHE+fktKQAJTCCisflqHAJcDicyQaA1Nej5wGZDQyc+cAty8EpDAfAIKq59dbvty+/eJcgvY5H4Q8CsgkRweMB+/JSUggSkEFFY/rdcDCSPzIeB1nax/AO5Tlun8dgp080pAAvMIKKx+bu8A3g68E8j7drqmPCV8CvC9efgtJQEJTCGgsPppfRB4LZA4WB/oZG2eFB4FXDwFunklIIF5BBRWP7fskPOKsktO3rfTacCpwOkldPK8FrCUBCQwmoDC6keV7b0StO85wNc6WY8ELnJN4ei+ZkYJLCagsPoRXg/sA+wL/LCT9QDg6rKucP/FLWEFEpDAIAGF1Y8oUxcyheEhZRpDO3c2psi0hj+Vp4WDsM0gAQksI6Cw+vn9Dbg7cE8g77spy3ayZOeRwE+XNcWs0pHma8qTzFRge87CaKGtQsAO3t9S3UgN3dyfBl4KHA18dAc0+lOBF5fZ9Y/f4Hi25w5oBA/x/yNgB18mrJOA9wIfKfsV1mzJh5axs6xnzCtrGRNLvpsyR+zDgJNXa9K3rp2SgMJaJqxm4D3hZh5bqYUT0TRPIJ++QX03AV8FPgdcVel4ViOBLUNAYS0TVkonmF+C+t0XyHKduSm3lbliS5ytpGwllsimeTrZvG6eW7nlJLAKBBTWcmF9CzgIeCHwxQmd4tFlM9ZsyJryDyxlc7V2JnDhhLrMKoG1IKCwlgvr3WUHncTHektPdW1BRVJ7dPJmN+lISlGtxVfPDzmHgMJaLqwXAF8AvlOulJoa7wUknlZmyR8MPLxzqFuAK1uvjE+ZJCCBHgIKa7mwdi3jTXcATy6SiqgiqXbKLtEZKG8kpaD8akpgIgGFtUxYeUoYSW0DckXVTRnfyhrEvLpLeyY2ldklIAGFNV5YuZJqBNX8zNPBdspTwkw5aCT1F7uYBCRQj4DC2pzlI4CflH/nyd1Gm6bm7wned5eyg85ngJfVax5rkoAE2gQU1p37Q7P05bnAozpdJWNUkdP3yyvvm3lXjdwyTtXeDszeJgEJVCSgsKCR1IuAh7XY3grsXn4fEwb5d2XyaKYrpKxJAhKoTGAVhNUsUK6B5ufA51tLX4YWP7ePmad/B5btwLItmEkCEqhMYKsLq9kkYgmWG4ArNlmfN0VY55YF0CeUnXaWnJNlJSCBDQhsdWF140HlI55RZp7XaPApwspGFecA5wHH1zi4dUhAAncmsNWF1f40EdWbyx8ytSDSWBpyZYqwEvs9MeCzxCZLb0wSkEBlAqskrKDJ7PKzgceVSAeHLpTWFGFlgD7LbRJlYbfK7WR1EpDAiobUzW3iZWWT0yx/yVVXfp+Tpggr9efpYKIu7AkYCmYOcctIoIfAql1hNR810srGp4eVP3wceNsMiUwV1peBzOFK2OTP2vMkIIG6BFZVWA2lk4F3lZno/yzSyljX2DRVWDnWW4GEnMlPkwQkUJHAqgsrqBIbPSJ5ZeGWgfFTgOtGcJwqrJcAWZ6TMMa50jJJQAIVCayDsBpcGYDPhg3Z0CHpuLJ5RB/OqcKKHH9RBvo32jCiYtNZlQTWj8A6Catp3cyTelX5ZWi3m6nCSrW3ld1tsswn8jJJQAKVCKyjsIIuwoq4kjJv6sRNbhHnCKsZeE/UhtwemiQggUoE1lVYwbcvcFZZ/7fZLeIcYTnwXqlzWo0EugTWWVhjbhHnCKsZeP8K8Dy7nAQkUI+Awvovy/YtYp4eZkA+P+cIqxl4/00rPE29FrMmCawxAYX1v8bPLWLGtfKzuUVsxrmmcnLG+xp/qfzo24/A1C/i9juTnafmKU8RNztrB953nvb0TFaIgMLauDHbt4hZh3jsxEXUDryv0JfEj7LzEFBYm7dF+xbxWmBK5AdnvO88fdwzWSECCqu/MduRH6ZIqxl4z1hWd0v6Feo+fhQJ7FgCCmuY91xp/RG4d5n1vjSQ4PBZmkMCa0BAYY1r5La0vg28fMSY1jUlJteYHXfGnYW5JLDmBBTW+A4QaX0SOGhkNNNLgMOBo4CLxx/GnBKQwGYEFNa0vjHl9vA04FTgdGDbtMOYWwIS2IiAwpreL8ZK60jgIuBS4Ijph7GEBCTQJaCw5vWJMdI6ALi63D7uP+8wlpKABNoEFNb8/jAkrfz/duDP5Wnh/CNZUgIS+A8BhbWsI7Sl9TEgt4HtdCOwdwlhc9WyQ1laAhJQWMv7QKSVW7+9gGOAC1tVvg94E3AmcNLyQ1mDBNabgMKq0/4R1fk9Vd0A7FPnUNYigfUloLDqtf0hwOWbVCfnepytaY0J+EVa48b3o0tgqxFQWFutxTxfCawxAYW1xo3vR5fAViPwb6lqVWAHL/xsAAAAAElFTkSuQmCC	24	2020-06-21 00:00:21.926796+02
20	data:image/png;base64,iVBORw0KGgoAAAANSUhEUgAAASwAAABQCAYAAACj6kh7AAAR1klEQVR4Xu1de/C/xRR+Gn+YcZmMXJJyl0slE8W4FEJRLqEa1x8RasYl+alk3JNbxAwhyt2UaBByjUSIBlE0ck1uaZKY8YfLPLWH7Z39vO9eznk/u+93d+Y3863P7nnPPnv2eXf3PefsFlhOeQaAk7zubNFY124B4BQADwrofR6AfQH8qbE+dXU7AqoItDapxzr/NQB7NExYnwDwOADsx4GOnEhiZwDYdfD/VY2gC+sItILAUgjrdgB+CeByADdz4LfUt9cDOALAjwA8bLCS8ldelwA4BsDJrRhY17MjoIlAS5N6rN9cmXCFciaAvRsjrAcD+KrT+SEAzgp0lKR1HICnuN+OBvA6TUPosjoCLSCwFMJ6LQCZxPsA2BnAAwGc08AgfBnAngC4yjpqQt+DALzBrSL5d19pNTDAXUU9BJZCWJ8D8AgATwBwPwAvAvAWAIfrQWUiST4UXADgHpFPkDY/AbBjZJterSOwCASWQli/B7A1gNsD2BbANwD8AsAdKx8l6vkAAM8cfOGcUpsER7JKbTclt//eFgK0nf3cCp27imHZDsClbXVpXNslENbdAXC18WsAPHxn4eH0HSrfFu4C4PsAfgvgNolGJasstr93YttevW0EhKTo5rJ9RFf4Ev9VRL0mqiyBsJ4L4AQAHwPwJIc6D6hr3xYeCeBYAO8FcHCGtXwPwL36KisDuTabcKx5xvl4T/2LndvL6YHzWv+YhB+kFlGWQFgfBfBEAIcAeJcbFb6FuN3igN6l0pHil0F+IdwfwGkZOsoqi/3cPaN9b9IOAs8G8G6nLrd4pwIIkZTfI/9DFD9ILaIsgbC4FeSWagcAF3qj8jO3ZK7xa+GWAK50uvLvqzKt6TIAtwr0PVNcb1YhAiQqEhbLewA8J1JH39WHH6QWUVonLDm/+g2A2w5GpOZtIVdVfEvS54q+V7kltLrMldXb1YUAV988MriPU4tERcKKLeJMfQWArWIb1V6vdcIKnV8J5rItvAgAia2mciKAZ7kzCfpf5Zax/ufKnLMdHWIPBfAKAFa2+B/XISv5FniRqHjGycKX2mb3gSb1WRLuFePjlyp7LfVbGsQQQFMrDH6Bo5vDcLu4FrC9h5JE7+oOzc8vUEZWmPwqeqcCOcOmPpHkio2xrQ953vt8TkybVH1aI6y3Anih6ySdhIW4UvvN+gykl8iJVVEUOXLX1sbCQObsDA8gbz1CSFOENqeu/rM0J5GmLOo4ljUiBa8p26Kn/vucC4r4y021SXm+1NXGJ0eH2Db8ss2jDL5oN60I04qVJfVktfbJwRfGVDlV1LcwkLk6JquL37lVVOi5tW6ZNCeRpixi+Eq3RfOzRliMKQO9dwJA4pK0QBb2qI2PBRaUyXMmrpT5EYauCyQYrfIXADd1jtVN+2RZGIgWyFNyYsgohtSmnmPxu+Ykkm2vloOg6HZLw/xb8tb/CoCHAtDEYzhelrI1bePtAJ4H4NMAHqMpGMBifLJaJqzY7d7UtlHZNqLEaU4iTWPkdvCPrgdWthHKTqGJR4uERadQOgKz8O+Sc82QAS7GJ8vKKKNmbWGlVf5XQ7GxxFaoTlJzzQmqaYyyHXyV2xomdSqysmSn8A+UNfFokbA+BeDRALjKekEkjinVFuOT1Sph0Xv9p5FxeDFbx5TB16irOUE1jdF6OygH7X52CnE/+SGAe2qAO5ChibWBetdkmaX7wV9dsD7Pm7SL+GQxScA22sLnlNcqYYnhM6SFTphjRc6xcoKMrcZCcxL52VZvXqCwYPoFLwligbhgU0lj7efysnbw1cRaGw/KY4jNY10qJKZEsioSFaF11mml56jcVgmLAcNMrXIYgOMjkBO/p1rCdLQnkRBBSbqZb7pcYlaJAVcRKzNt8KViNTbaWEeYW1KVufTTPOtM6qBm5VYJSwiIYQvfjQDE+i0eocJ1qmgbqQRC566OZFtmmUOMn+q5Iv48gEc6NITEeNDPfGbDwpTQdC4dFvaToU3+LUmrxkAb69Sxnqo/l36aZ51TfTL7vUXComFzL/53ADeKREYmJIOj6fW+7mJhpCUy5yB0Xp7xUneJxsvcAIydv/nhKavG68NuKzV2/VkJLnPYyVz6aZ51zoFL8BktEpa8qb8IYK8E5P4AgL5FNezhLYy0ROYPZsiDz5UVLwjxnSJXvfV91wf+zS2vX7iiZMoUeshzBfa0ETsowSXBvLKrzqWfrGY5D5jho8nSImHJaoCf4Pn5PbbIHl7bizj2+X49CyMtkVnSNrb/oRfGqnMViTEcC9qlzxjP3RhDOXbuNkffYjEI1ZtTP3q5M6tJbbG10fi1SFjfdik3eH8ffXpiS017eAsjLZFZ0jYG/1Vb8j+7G4CGq95Yffx4RF4+EtoaxsqK6YdFnTn1q9EnMQnT1gjrBu7sip28IYB/JPS2pj28hZGWyCxpGzMEoTMy+VDwdZdVQORIwrrYZHWyGlvl7Grdt5j+j9WZU78afRKT8GuNsBh39iUA3wFw36SeXntBBW+H5luYZ1nrLBZGWiKzpG0Mjj922xDfdSF084+fCpiXa/CSjakyFU5k3bcp/aZ+n1M/q3REU31U+701wmKiN55dMWcQU3GkFjlH4Y06JK91FQsjLZFZ0nYKQ3pWM6OGn/kydLeiH0+Xml1zTH/Lvk31Peb3ufWb+3kxGETXaY2w6H/zcHdhas5NILU4z1kYTcmXPgt9xAhlVexflnGuWyH7h+WpW0HfyDthRU9508wY8Vpk1myNsK52Z1d8a9MXK7XUcvBuQRAlvlQW+sjYPB/A29ytLzxD4QuHL57hjUYlOnTCip8JJTjHP8WoZkuEtZs7u2LQ890y8ZCDd9/bOlNUUTMLoykJIrbQRwDi1Wvc4jELAbMRnAzg6QBe7RIFsl5pHGMnrHhztBzreC0ya7ZEWMxzzbMrptXlBQ45ZSoUJEdmThsro8mVq50E0MfkbBcnSDeUb7mzrOu7nPa8io3Fzz5KQkstnbDiEcu1kfgnGNZsibA+7s6uSgJ8CaV1sG3McFkZTa5cy7M9xgnySx5z7/N+PAau8xLZPR1Qw+yjMfgN63TCikct10bin2BYsyXCEi9d3jYjb+YcaErOenKeF2pjZTS5ci3P9nydmBKZt7dwhcyVcij7aA7GnbDiUcu1kfgnGNZshbAY5Pw35yhKh9GSMkdmgin9rIwmV66lU63oxBcNzx//6S5EoNPvBwE8FUDpdVZj/f65izksCUfJxXXKDvi7pew5X5YxfS2u0wphMXSDqU+YFpnnUKWFt5PQF8sqB1Opfrntc41fzvauAnBn5csnRCcesr8cwPsB0A9Lc7KO9VsjHCUX15hxtJTdCStmBAzqyBfC8wDw79JSw7awtA/axiiY8KzwAEXlZEIy4yXdUejWwGiFuQhLIxzFklQsZWvbiKJZ5IlqZYW1D4Az3HVF/Lu0yLawxEWiVAeL9iXGz4Nx3hLM8I2jADBTgkYRnSjrRAAMv2GRw/ap9DAxOoz1WyMcpQTXKf0tZXfCmkLf6HcJ5fiA8+HReIwc4vPiA16AsIRSavz7AvgMgH+5tC2ll276cX5cHVM+Yzmn8l2ljsVUv6d+n3peafsx+T6hs57lImJVPyz7N4Vt0u+W4CQpMlH5Je5g9s0ANisJFgfGwwFYJv9XUjdKjIbhMYvnkwF8BABTFOeW4ZX3/sWsMfmuYp4rDqdTE70Ul9L2NRDWWJC4Zf9ixjG6TiuE9SYALwZwBIA3RvduvKLkC6cPksY2U0mtIjEahscDeH5Zux6AR7mteKpSnBzcwu/qNfRtrVRPEtWh7tJRPoKZZ5mBdlUpdYwt1bcGwhq7c9Kyf6m2M1q/FcLil6VN7usS/9YoTBPLg2B+ZmeerX9rCF2zDC3DO9KdMdHpk+dZKd7nPllxGyikFUNYw+3RFJxMP/OOCP1KHWO1cA31Z64toTzHX+mKPpb9mxrDpN9bIazPuptWeAbCv7UKrwdnWhP/y5WW7HXI0TS81wCQyyJiLntgf4dkxfEi6bFoEhaDp0+JICoZg1LHWE1ch3YxN2GF5vyZbpVaGkVibvOtEBav8uKbOvZar1jg6LAo52NcVbRetCcWt15cYTFvun9oHsIpRFY8YA/ppK3n1LiVOsZa6lsDYZVeEzeFv9rvrRCWfNHTTrwnqU64tWCGyyUU7cm1ioh8rPwD9iGx1UBY4hh7KYDtMgZZG1NfhRoIi/pY9jED8nCTdRFW6lmFWocrFKQ9BhaGFzpED0HJ67gOHHjK10BY/oQMneFMmYUFpvJMfy6syks/pZ/G75Z91NDvGhnakyVWsU5Y/0dKewysDI+kxS9zTFMdKpxs7wyE9dRCWPKVjPm5Dok1VFfPClOfSPl3DpkmdmVldYm53NFlNNGSqypHe7KoKueEaccRDnVkbniGpfgxbhb9mEum5eTK6UMthEXCZd4tkkJqDKklpkKk61xA8NkaMZc59pHUpgXC0o4jHAK0MwDmQ9cKrE4agA1QuRbCItS5MaSWhCUrVxLXOotGzKW5/i0QlnYcYQjUi1wGzNQ3r/kALeABNRFWbmohS8KqZYgl5rLqF3cLhGURRzg0ktw3by3GVrMeNREWceL19rwlOsXnaCMQFrHhxS5bAxjexF2NfbVAWBZxhMMBWGr2hhoMrTbCyvE52iiEVRoRYG5vLRCWRRxhCFherEp/HXq+n2+O/MZ5QGiyr9uzmv53Y7GHw9HZKIRVGhFgbtUtEJZFHGEIWOZqYq5xzVxQ5gPYwANCk11WOfyUfn/lDKcWkGwUwiqNCLDA/joyWyAsqzjCIbj7AzjVJbHjRQm96CCwarJLPveQs6nOk/WkbBTCKo0I0EN8haQWCMsqjnAIyZYArnT/k38zv3kv5Qismux+OE/tpLVRCIujXXVfWyAsqzjC0FTkfXnMhsnV1mnlc7VLmJgAwyR/q7zl1w1k1ZNYGZyq+9oCYV0NgFd73RgA/7YskgeKl30ebPmgDSSbTrl0zl3l4zYV8uNDxVTWvNvwdADnzIhh1ZNYGYeq+9oCYc0J4C4AmLlhaZdTKNt0krhYH7cU4hpTwMKm57TBWHBX4cVcYTyLPSlW0KBejX39n4oWg5uJUzXNqh6walCKV0R83Lg64oUfJYWy9nPX3HPVFioWNl2bTQy30iEcYpMuDtvW1tfr6GcxuCUGWUPbqgesBoAydGgd09r0l4Dp0McKuowc7W675kviMPflO3bYautrJ6yJkVu3U2OsYbVUr+pJEAFkbfqLPqvS0XAFdgIA+lWx8I5J+hfGlNr62glrYtTEqXFJWUhjDNWyTtWTIKLjtekfqw+JijdNsVwA4PiIs61Y2RGw6VfpW8IwpnI5RUqArP7oLEeiJIfbAcCFy+nW2nqSQip00+EWcU+nLb+yHjOyTUyRPTsAnbDCkOcEyM4+eA09sInkcA3hmUMqtGmeZ+00sU3MkT0bdJ2wVkOdGiA726A1+KAmksM1gmvpV9djAcgNUaFtYiesRgyhq2mHgCSHu8RdGWb3pOVLjvVrG0NiuE30XSA6YS3fhnoPIxCoeiJE6F9LlanIgRQ9fRcIuZ4tdPFtikzTun1LaApvF+4hMPUpvoMVh4A28ftXuDH33GanRpXcUKVScePWazWGgDg7rvPuvcYgC6qrTVh8CElLVlb872rHqBNWPSZMQ6w1W4EGSv6k6HaXj6gFYYk21dtgN5x8w9FuKYZIuevKSqDZJyaDYzC5/OPn9G1r3m5odt5QliVhGaqtI7oTlg6OGlJWRd9fDOCMNaRUye0TD3I3AdhjhYBuc7nIXtuuE1YZfr21AQKSlWBfANt78q9w14jTW9z/d5mBDlMitwFAdwX/H1dRN3ENLwfAiAFe6MF/DHViMsZeyhDohFWGX29tjICQ114AGNoSKiSCcwGc7f5Zhb/E6HIWAPr15OZjMoazefFCWAcBODmyN6x7AIC9I+tXW60vz6sdmqBioVUNVzhbraEbNa321tD9tT2SLy5mFMkpbJtyvVnOM0zbdMIyhXc24SSt3d2/3VwuJIuHL+FjgAUuc8uUFRMJKKYwC+kpCSuyGJlrqdMJay2w94d2BDoCOQj8F03AGY2cTOakAAAAAElFTkSuQmCC	25	2020-06-21 13:59:03.655581+02
21	data:image/png;base64,iVBORw0KGgoAAAANSUhEUgAAASwAAABQCAYAAACj6kh7AAAMDUlEQVR4Xu1daeh+RRk9Un3rQx9aaKG9aNWylXZbaDOojKRcsowyiYQitNVscflQkYXZppVZGG1oZotapEVUtqkFaQukRRt96aNSHJiR4f7vfd+5d87Me+flDPzQP787z/PMeWbOb5ZnnjkILkbACBiBThA4qBM7baYRMAJGACYsdwIjYAS6QcCE1Y2rbKgRMAImLPcBI2AEukHAhNWNq2yoETACJiz3ASNgBLpBwITVjatsqBEwAiYs9wEjYAS6QcCE1Y2rbKgRMAImLPcBI2AEukHAhNWNq2yoETACJiz3ASNgBLpBwITVjatsqBEwAiYsfR/4XxB5NwD/0ItfJPGuAE4E8J5FtV3JCKwEAROW3hGRsM4GcJJe/CKJJKpTQ037fBGErrQGBNx59V6IhEXJDwfwW72K2RJTm+zz2fC5wloQcOfVeyIlhzcAOFevYpbEpwC4Kqlhn8+Czx+vCQF3Xr03UsL6EoBX6lXMkvhBAG9Oaqxpb21WQ/yxETBh6ftASlg3A7iXXsUsiX8AcH8A5wF4DYDTvPk+Cz9/vCIETFh6Z0TC+iWARwM4HMClejVZEl8diOrHAF4C4O+hlv2eBZ8/WhsC7rh6j0TCegeADwD4MoAj9WqyJP4EwBMAHB+IK9pmv2fB54/WhoA7rt4jkRS4FLwpiOf/c3nYsrwgzOx+B+BhQbEJq6UHrEuOgAlLDilSUrgIwMsBcLZ1ul7VRoljuk1YjZ1gdVoETFhaPCktJYU4y/kNgEP0qiYl3nNidmfCaugEq9IjYMLSYzokhd8DeBCApwK4Wq9uVOLbJ/bP9pWw2C735Uada5dq7GQ9+kNSiHFQHwLwFr26UYk3AHjgyAnlPhLWPrapUTfpT40JS++z4QCKkeYkkQfr1R0g8UwAJwP4NoDnD367j4N7H9vUoJv0qcKEpffb2AD6NYCDG8RkHQbgytCkZwL4/qB5NwJ4wIruOCrQN2EpUOxEhglL76ixATS1p6TWzj2yJwPgLOttI8K/COAVANZwx1HVdhOWCskO5Jiw9E4aG0BTp3ZK7WcAOAXAjwBwGTpWTgDwcQBruOOoanspYTFXGG8AeCyoPFJRjp2kB3dqANWMydq2FIytZADp9QD+AuDe+qbvRGIJYUWyouG+Y7kT981TasKah1fO11MDKMZkMfr9MeJspL8I9xbPCrOsTXYy8v0hjcMscnBb+s1SworkTb0/CNen1pIhdikWe1/PhKV38aYB9CkArwXws7ABrxgg8VSQl60PzWjOLsIsMsxa/EnEOzdtDpfLR4X7lXcA8Odw31Lhi8WNcMU8BExYeTjN+WoTYXEJ8k0AjwPwmUBec2QPv81dCqb1YpgFTy4fVaJ8JXVj+udtSzqm1uEl8CcldpOkiGHtrLDcw3wVgBcBeOIAN9p9jnjGvRLX6M0wYekx3bZEIWldE/JklaSeoZzvhXCJnKVg2tJtNupRqScx3Yca68/8PWeVRwcT/gngLuEyOmekNWdWLwRwbLhPugmBbWRbD73OJJuw9A7LIYPSMId0pvZ1AC+d2YwcG+eI5OyFl7yfO6jEf393jqCF304tC1OcmMjwowDeGG4B0ObzF+rbVG0KC6YZ+hyAbyWVt5FtBfP6FmnC0vsvhwxKwhweEZaTjy/YC8uxMReZKGvq+5iLK1feku+Gy8IhaXDP8DgAnw3L8S8AOGaJog11qJOpqPnwSCzMR3ZJIKqp9EJKX4ibtD5xJiy9T3I74JIwh5eFWcEdAVwWBuGSJU2ujTnoUNZ3ALA96YwlZjvl756XI6jgm3SmwlkddcbC5RZnN5GslAce1MF28o5oJCqGjXAJmjt7Y4gJ86XdLxwAFMCw/1VNWHof55LB3DCHdwJ4XzD3wkBWtyw0P9fGheJvq9ZKT1SYzvbiki9dFqrIigcXTDn94pAvn/qvA8AL7rlEFW3mEpF3PvnH6KulgO97fROW3sNzBmkMc9gUB3T7MDvgUTzLuwC8v9DsX4X8XLVT3rTSk8JB/NN+fUHYcFeR1XAJzHz5n15AVNFm+jImeOR/XTYgYMLSd485hMW//lxKPWMkeHG4D/PfsPz4isDkVrFYrfRMQRKXpdxwZzjDkuXzUDb9y5CQKwDwwKM0xxkPTDizGsuuIXD1fokwYen9OYewqD0lrSlrPgbgE2HZobC4VSxW1MN9HR4WtC5cpnFvqdaJoKI99wXwJwD/CuEWCpl7K8OEpXftXMKKpHUigFMTc8Y2spXWLrFzif7/ALgTgNxI9CU6xuqQpBicS9J6pEpoJTncEnh68rpRJTX9izVh6X3YighKLW9l509DKAHT3nC/p1XpYXYVsYhLV+YvYx4zlwkETFj6rtGKCEotb5XML+bg4tWUz5canVmfy+fXhSBNRpv3UOJMlDF6f+3B4F3YaMLSo94LYbVK5vfecLLJkIx36+E+QCKJioTF8thwDaqB2mIVPwwZNJ4D4PJiaXsqwISld2wvhNUqmR/v0vFKSoukgUzb8/Pg0tcD+KTevdUknguANp8E4OxqWjoXbMLSO7AXwor5oHjkzxd2ahWGEzALKuOgeJ2oZrkUAANySVQc/D2VNwH4SJgd8o+JywgCJix9t+iFsNjyFrbGazP/BnBnPdy3SYyngkwVk97nq6hSKvrZIfvGVQCeJpW8R8JMWHpntiABldWtbG2hp6dTwTH/3SOkvGFwK0NAXDzDatIHWgxOVUNa2VpbT4+ngmM+rI2Tqt/sTI5nWHroe+p0rWytqUd9KsiYqCMHub2UV3E29biaOOl7+g4kmrD0oPfU6VrZWkuP+lSQbzmevqVLMPiVEfTn6btOkz3FCma3E2nC0mNda3DqLW0nsRYmcSmoOBWMm/a803fygJDG0slcHLIscO9MVXaR3UJlexM5Jiw9zLUGp97SdhJrYaKUy/gtzti2XZTmkvGtAB4KQJlBg97YdXaLdj1ioSYT1kLgNlRTDiK1dQwxGF6ybrE/UwsTldw4u+LjIIyO31Zq5CijzlZZNLa1b7W/N2Gt1jVVDIu5z6eE19qfURFLardSZu7saoibMgtslK1sV5VOtEuhJqxdot9edxwMaaqXsf0Z7uNwEPNFaf5w5sEHR5cW9SBUvjYzd3Y1xECVZ9+EldG7TFgZIO3JJznLDe7PMKsCczMNCyPImRVzSZZNNWHlPp6a4zq2iQ9XbNu72iQrfcmo9Nl7NVY5GHTzjQmrG1cVGzpnQ5dZMPnIaPqTRl/zAVde0OUr1jlFPQjHZoo5dox9o7ItzRxbkj9eZc9SPFZdz4S1avdIjSs9Mo9LxyMA3CdYxtd7uI+zbbmoHIRxCad6Pkxpm+KFHqU90g60BmEmrDV4oY0NyoFwSni553YAbg2kdeaGZih1K5ZwqanRNj6uymBQZv0sKaWkpcSqpB2rrGvCWqVbqhilHghcNvKJqvj8GGdZX5vY41LqVsqKQEeZ/PdZAEjIJaWEtGq0r6Qtq6prwlqVO6oakw7KTYrmxmUdDoC5nJgpMxbmpeKeWZytqAbhGYFMajw1zxkiI9zTUjLrWkJaLV/LrtrZagk3YdVCdp1yc0lLZT1JgPfzFIR1GIArg2F8qKF06TbWRurgHtnRg18unXWlpMXZJ/f/NpXeU+So+s2kHBNWdYi7UxA3158VXodWNqCkv/EBi2NES7bcNqWzrmsBfHjBC88kLZ6qHrzF9p6eJcvFT/5dSQeSG2OBe4XAcLZS0teUgaJzQWY7+IQ8CZzlb+GVbj4awR/Gp20rfNk7zginZofqw4RtNnX5+5JO1GWDbXSXCCgDRZcCwBnQceFlm1QGUxqfnzHzivtvzG/PWWxadknIS/HYST0T1k5gt9KZCCgDRWeqPuBzPt7BnOv84czp7uGLPwL4xpabAFcD4IOy6Z5Yus91GgCSs8sEAiYsd421I7D22QdnXscD4OtAwzI8cR0eHFwP4KJAfCXR8Wv3ocw+E5YMSguqhMAaloM5TatxWOHxOUDegOR0RX+zawRIWucA4IsyPZVSEvP4NGH11N9tqxEwAikCZnD3ByNgBLpBwITVjatsqBEwAiYs9wEjYAS6QcCE1Y2rbKgRMAImLPcBI2AEukHAhNWNq2yoETAC/wd48FhvnVPAJAAAAABJRU5ErkJggg==	26	2020-06-21 15:13:19.847685+02
22	data:image/png;base64,iVBORw0KGgoAAAANSUhEUgAAASwAAABQCAYAAACj6kh7AAAKM0lEQVR4Xu2daah2VRXHfyIk5AcRo0hLjUohp6hMrRRLxSlzCI3UwBI0/aCikCMOkWU5ouEE6occ8NUsRE3DIdNELMPXCVSCAgcUB/SD4AdR/t59es97Pfd5zj7zs/d/w8N97r377LXWf+3zZw9rr70OLkagXwR+A5wCPAnsAbwWxH0HeAhYDXy1XxXceioIrJOKIbZjkgjsCjwQNPte6Xuh7Afhi/vhJN03PaXcUabnk5Q0uhfYDfhtGGUtt82ElZK3B7DFhDUAyJmK+BlwDfAUsO0KGJiwMu0cTc02YTVFzs/NQ+BpYCtAxHWdCWseXP5/HQRMWHVQcp1YBK4CjgLuAvad8bBHWLHIZl7fhJV5B+jBfBGVCEvlG8DjJqweUM60SRNWpo7vyeyvA/8KbR8NXD1DjsMaenJCys2asFL27vC23QnsE4hKhDWrXAicCFwEnDS8qpa4iAiYsBbRa9PUudgVfDYsts/T8glgO2Bn4OF5lf1/IyAETFjuB10hoEj2bebsCpZlecG9K+QzaseElZGzezS1OH5zH7B7TTkmrJpAudoaBExY7g1tEfgucH9opOr4zUrtm7DaIp/h8yasDJ3esclaf/r2jOM3JqyOAc+5ORNWzt5vb3sxFfwHoDCFmOIRVgxarvsRAiYsd4SmCDSdCkqeY7Caop75cyaszDtAC/MfBXZoMBWUSMdgtQA+50dNWDl7v7ntxVlB5brSQnts+R+wqWOwYmFzfROW+0AsAjFnBavaPg84GVBU/Pdjhbt+3giYsPL2f6z1MWcFq9pus+4Vq6vrJ4iACStBp/Zo0q3AD2ueFaxSQ4GlmkKulIG0R9XddAoImLBS8OIwNhQ7ey8Cn28g8qfAtXMykDZo1o/khIAJKydvt7O17c5ekYH0yEBc7bTx01kiYMLq1u1nA5eXrrLqtvVxW3se+HLDnb1idPUMsPW4Zlj6IiNgwurOeyKrs4BzAH1PqSjN8R3hbkGlhIktuohCROXRVSxyrr8WAias7jrEp4FXQ3Op4XozcAhwOvDrSMg8uooEzNVXRiC1F2tsX/8BOBxQrNGpYyvTkfxNAC20q3wOeCmyXY+uIgFzdRPWUH0gxTij04BzgVXAjyKB9OgqEjBXn42AR1jd95AiklsZOPdIYAF+dbgIVetYurarbtE19TcCn43IQlq3bdfLFAETVj+O/yNwEPDPcPzktX7E9N5qEXv1ArBFhLQi7Ywe+V04ihPxuKsagWoETFj99AwtwGtXbfsFJ63Y2CvZfSVwYIDVEe399K9sWzVh9ef6MmnpJhkd+BWJLVKJyapQtlfT4RMAZXNwMQKdIWDC6gzKyob0Ev8eODj89wbgDOC//YrtpPViWlcnq0IqI8pOgHMj/SFgwuoP23LLpwC/AtYF3g+kpcX5qZaY3U6T1VS9mKBeJqzhnLp5IK3DgkgFmeq2mb+Hj6aNUyn3ArvVyKogYrsk7CIu+gbDVLC3HjMQMGEN3z2UtO5YYO9lorXu8+cQCvDc8Gr9X2LdrArlncDbgGMSCOEYEXaLroOACasOSv3U+QqwS/jounZFkRdFIy/FMN0EvNuP+BVbLbIq6Or56ypqKVxDwaRK5qfincCBHZSzOBPWdLyvINNDgR8D6wW13gukJeL66wCqiqSuAURauna+XL4WDnf/IPzxwXDQ2zuBAzjGIpYQMGFNryd8MpCWyKt8wYPO8BXrXfrZx5pX1ehqI+BM4LgA1dvAL4GLpgedNUodARPWtD28ZRh1HRAWtsvaijgUHqFYqfLP4vsbkaYVN+Ho+I2O4aicGMhqg/D7ZWFUFdt2pCqubgSqETBhLU7PKK957Qh8YUDVbw+jqscHlGlRRuBjCJiwFrdTaKq2GaBwCX3K35VzfcMOTNOupVLmaBfQxQiMjoAJa3QXjKqAgj41BdSO39XA0aNqY+FGYA4CJqx8u0g5Ql1nHPfLFwpbvigImLAWxVPd6unjNN3i6dYGQsCENRDQExIjslKOdiXY83GaCTnGqsxHwIQ1H6OUapRHVn8LKY8XNblgSn6xLTURMGHVBCqBap4GJuDE3E0wYeXTA4obfTwNzMfnyVlqwkrOpZUGFWcE/wN8y1kV8nB6ilaasFL06to2KcZKAaDKBrFSBob0UbCFSSBgwkrCjSsacRSgM4IqlwLHp22urUsdARNWuh4uDjPLQkexp+vnrCwzYS25W/fv6WoqpQXerkEP0NrQYxNJd6zdQOW0UmZTFR23EWG5GIGFR8CEtURQT3TsyYdCts6qjJ0di1qruXKOdWVWEFk5w0KfiLvtQREwYcEHAXElpPsT8HADD5RTvyiCXNezq7wCKEBziIsmdAuP7j5UkR0/925gA0/6kUkjYMJaQ1hdYqHduCMA5WpfXq4Hru3wklFNAa8AlGtdRcR16qR7nZUzAg0R6PIlbajC6I8VI6w+sCiPvL4JfLFkbReXN0zxtmXppCvMVPrAdPQOYwXGQ8Adqp8R1iyPlq/HUr1zgMsbTN+meIi5TKCy6+zxurYlp4iACWt4wlI/0uK47v/7SehUscdlpnqIWQR1lrNApEgV07DJhLW0Q6idQq03NVlwb+PJJgeSRXSnh+llLNG10bXOs8X0+jMNRox12nedzBEwYcGF4XYY7RKeNEJ/KJNWIb5qmiii0i02W4dKWryXvlNJD+O1qxE6T24iTVhLQaOKm9JC8bYjEYBedl1fr+lUUYrR01ZhRKWgVpVnWCLZoWO8Zr0bXrvKjTlGsteEtQS8wgIUtzSFpHbll1+jJ/2u8hRwSQiJGKm7VIptMq2dkv7WZYEQMGEtOWsKO266qkvXweujewe1pvaJ0JceBXaaYL8yWU3QKSmrZMJa492xXj7JVYS61qeWl+eBLUojrIsnNBWcAsmn/G7atgoETFhrg9J3uMDGgIJJyx+NqNYH3gEeAf4dPjoDqGvnFQKhXcFiDWsKi+3rhRxbe01kGu2XOxMETFgfd3R55PAWcHfLs4BFJog9AS2gV5ULgPPnLPjruI+O3HwJUHaIc0ccba0CDgY0Vd1/pI2KTF5Rm1lGwIRV3R9EWhrVHNdxd3kz7PI9C5Q/L9eUI720Q3h4qD/GaEtHin4BvB7S8jxXU3dXMwKtETBhzYZw1lnAuuCvBu5rkQmiSk55tDXkzuYx4RiRdNo7jD7r4uB6RqA1Aias1hCO1kB56iol+iDGsnFar/pL+INixhQK4mIEBkXAhDUo3J0Lqwo4lZArQxBqV1HwW4ZjS58Ka22aEroYgcERMGENDnlvAovF/cMAneXramFe088zgc2AW4BDerPADRuBOQiYsNLrIssX5gsL7wFujthZXN6ORm0nAO+lB5ktWhQETFiL4ql4PTUy0mhI4RRtSlcjtTY6+Fkj8BECJqx8OkITAmuaXDAfVG3poAiYsAaF28KMgBFog4AJqw16ftYIGIFBETBhDQq3hRkBI9AGARNWG/T8rBEwAoMi8CH7prpgbrWNPQAAAABJRU5ErkJggg==	27	2020-06-21 15:26:10.469928+02
23	data:image/png;base64,iVBORw0KGgoAAAANSUhEUgAAASwAAABQCAYAAACj6kh7AAAHuElEQVR4Xu2dWch1UxjHfx/iigyZI/M8zyTzELnABREZohApypALlDJTyJB5iOKCC5R5KvMcMqdkToaUyNSftWrZnfd877DfffZ69n/Vap/ve8/Z63l+zzr/veazACcTMAETqITAgkrstJkmYAImgAXLlcAETKAaAhasakJlQ03ABCxYrgMmYALVELBgVRMqG2oCJmDBch0wAROohoAFq5pQ2VATMAELluuACZhANQQsWNWEyoaagAlYsFwHTMAEqiFgwaomVDbUBEzAguU6YAImUA0BC1Y1obKhJmACFizXARMwgWoIWLCqCZUNNQETsGC5DpiACVRDwIJVTahsqAmYgAXLdcAETKAaAhasakJlQ03ABCxYrgMmYALVELBgVRMqG2oCJmDBch0wAROohoAFq5pQ2VATMAELluuACbRHYAXgJODcdMvzgWuBb9srYth3smANO/72vl0CdwJHNG4p0Tqv3WKGezcL1nBjb8/bJXAscDPwCbATcAFwPGDBapGzBatFmL7VoAm8CmwNSLheAt4FfgA2cJewvXphwWqPpe80XAK5dfUasA1wAnAdcA9w+HCxtO+5Bat9pr7j8Ai8DWyaWle3AncDhwEnAtcPD8f8eWzBmj+2vvMwCFwInAU8AewFaKbwfWAZYGPgvWFg6MZLC1Y3nF1KTAK7AU8l1/YAXgTuB/YFrgJOjen25LyyYE2OvUuun0BexnBxamVJrA4EXkhXr79qOcYWrJaBdny7Y4BD0xM9F+2YdheEv1NRYn41cDLwFbAr8FF3ZgynpGiVeylgn/QF3jlNKU8ymlqT8zLwbMptjWdIqE4DNhnhXLSYTjJ+48rOM4OPAE8DGstSUtcwdxP7anu1dkWo3FslkZJQ7d7zSHxRiJdEbKYC1hQqrfW5HNDMlFO3BHLr6sa0QFSlHwnc1a0ZwyqtZsHSE05fYLWkyqSn26Mpvz7hcG4E7FLkVRv2TFfALFQTDmSj+CxWZwCXpL+dDVzULzPjWVOrYGmQU5VF6XNAzfIsUj/1OEwzFbDtG10/t6j6E9x1gWeAlYFrgFP6Y1pcS2oULD3FzkyDm+dU3h1amIDlmvcdcB9wKfBZ3OpYjWdaa/UAsGO6HlSN5ZUbWptgaYzqycQ84uCmBFjHk6wypl59A6irW2aLWHdfRInVg8C2qVWvZQy/dlf8sEuqSbBUUR4DNgPyupco0dMY1elpZbR8UtfviiTOmlTQplpdlcWhmTQbqe7J4ymrRebUPoHNAQ2yS6xeAQ7wxub2IY+7Y02CpTOFdDCaFucd3C2meSttKqG6ZUyJaxbitSWgvFLj/Vq4mMVLs5FOcyegc65uApYAHkr7Br0wdO5cZ3SHmgQrz8ysGOCp1hSqd4ArgXFCNS6wWwB7p71s2s+2SPHmHwvxUgv10xnVEL9ZBMpJntuA44A/jaZ7AjUKVk02lxHVkoaj0omUG6Y/zFWoRtUYtQBK8dIG3DKpu5lbXxKw37qvdtWUqBlAHcq3X7JY3XZ11Z0mRKCmL3+5DWJCuGZV7P5JqA4pPq0D3m7oaIZzrYaALV3Y8VdDvN6clYcxP6SFyOoCrpaWzqhVpaUzThMkYMFqH76eynumrJnM1Ysi7gXuSGMg7Zc8vTtqIau6jcqali/T18AbnoH8dwLksgTm4dQF1B5BpwkTsGDNPQAaL9KXP4uUZvTKpFaL1lDdDmhle5/S8oV4acPu2iOMG9IyikVTq+roxEGr2LXmz6knBCxYswuEprezQOmqcaOcNCakw9xyfmt2RUzkU2ukGciFLaP4EtAZ5praV9YGb51fXmMqN8xrmYJmXBVDdQG9L7BnEbVgTR2QxYD1G3m99O9lGx/TWd4ayM4ipbGhKKm5jEIzkur2NpM2cmfxykLWVwbjNszrHHbNCtb0oOkr59btsmD990SVMGUxyiKlvWJTJS3UfK4QqKGNb6yTFk9qAaXydsDiDVi/jxCwj1uvwdO7oX52S+N1yjsAzU3ofdowPz2PBvquGgWry1DpELYPivxheq3Baaf/EyjFS6+1T7KZJOwa05vPbUXLpd8FlDhloWqKqR44pUj1ecO861lBoCbBktl5aUObQdQ2Fj35sxiVAvVHmwUN7F76EQa1vLKQaVys2bIRkl/SRnaNi0nQlPPr8vrzFPzUMs7CpOuoQw213u35dHSxroq1U4UEahOsChHb5IKABvXLAX39NNYoEZsLNHVFszhpi5Jefz+XG/qz/SFgwepPLIZqiWbpdDqFBvLztXyt/9M445JTANJJFZr0kDhlgRoqy/B+W7DCh9gOmkAcAhasOLG0JyYQnoAFK3yI7aAJxCFgwYoTS3tiAuEJWLDCh9gOmkAcAhasOLG0JyYQnoAFK3yI7aAJxCFgwYoTS3tiAuEJWLDCh9gOmkAcAhasOLG0JyYQnoAFK3yI7aAJxCFgwYoTS3tiAuEJWLDCh9gOmkAcAhasOLG0JyYQnoAFK3yI7aAJxCFgwYoTS3tiAuEJWLDCh9gOmkAcAhasOLG0JyYQnoAFK3yI7aAJxCFgwYoTS3tiAuEJWLDCh9gOmkAcAhasOLG0JyYQnoAFK3yI7aAJxCFgwYoTS3tiAuEJWLDCh9gOmkAcAhasOLG0JyYQnsA/wkInYDhRXHYAAAAASUVORK5CYII=	28	2020-06-21 15:31:29.070689+02
24	data:image/png;base64,iVBORw0KGgoAAAANSUhEUgAAASwAAABQCAYAAACj6kh7AAAI6klEQVR4Xu2dScxeUxjHf10RQyUIYh4aEkNbkW5EpaYo6UYtithggRJEF4ZIqosGCQ1Cy4IuCJGIbhpDjKE7CTXHLKmigkTNK3LSe/Xt2/f7vnvPcM/0v8mbL/l6nun/PM//O+e8p/fMQo8QEAJCIBMEZmXip9wUAkJACCDCUhEIASGQDQIirGxSJUeFgBAQYakGhIAQyAYBEVY2qZKjQkAIiLBUA0JACGSDgAgrm1TJUSEgBERYddXA3sCBwAHT/LykgWRLM26vhCBSvSaUjBiuqABioO7HpiGfceKZiYxSIh8bFFSvNqgVJKMCSCuZ+wIHT/gcMva7g4B9LFz/E/gZ+Gman081eo9qxvxhYUciQiAIAiIsf7DuCezn8JkNGB1dn7+mIJ7pyKgL+fzbOKDa6JqJ+OOqyZmK0r7Y2iKx17C75O/Aj8C2CZ8fxn73m0/DI7qqKf5A+MVQW03ORFj25TVOWH8D24FfHT5GR+ynmuKPDbRH+23OzHaC+YNnniLzKMLyWDWFqCqy0AvJzVRh3AmsnOIfi+rxooIpvCiHCk+ENRTS/uyYL2GWTyCt4vq7uID81UC1mkRY1aY+/cBFWOnnaGgPRViTEZ/uS5ZVwNqR/aOhc1aNPRFWNanuHKgIa1eozHLLfGs70/M2sESkNRNMbv8uwnLDr0RpEdbOrBqy2ggsAMwsymxujz+jY0RagTtChBUY4AzVi7B2Jq399m0mIholrS+B1cD6DHOfvMsirORTNLiDIqydkE863zRVQgxp3Qdc3gx4ElihJaLf+hVh+cWzBG0irB1ZPAN4C3gPmN8jsVcCtwFzgJlmZj3UaqhBQISlOhhHQIS1AxEzW7oZWNPMlPpUiva1+qDVY6wIqwdYlQwVYe1ItNmLOhZYCGyyyP0oaW0AllrokMgYAiIslYRmWLvXQLsc/Ao4zqFEDGm9DMwF7m6Wig7qJCrCUg2IsHavAZfl4Li2s4DXml+eDbyukrNHQIRlj12pkloSwqfA8Q7LwfHaMLOrW4BXgXNLLZwh4hJhDYFyXjZqJ6x2OfgZcILH1L0PnAKYbxF1RssSWBGWJXAFi9VOWD6Xg6NlcgXwOPARcHLB9RM0NBFWUHizVF47YX0InORxOThaBB80ZHVVQ15ZFkhMp0VYMdFP03bNhHUosBX4pbmRyHeG2lnWS8Bi38pr0CfCqiHL/WKsmbDMhrg5hmBOuJ/ZD7bOo33g60NHZ4dTGijCSikbafhSbTMANwAPAI8C1wRKhw98fegIFF5YtSKssPjmqL3aZgAeAa4GbgQeDJQ8H/j60BEovLBqRVhh8c1Re7XNALzZbLafB7wSKHlfNKfnzcb+x5Y2qs2RCMuyYgoWq7YZmpuu9wcOA74LlGNzs/alwLXNjM7GTLU5EmHZlEvZMrU2Q3tgNPQ5KbM3tg54GrjMspRqzZFeL2NZMCWL1doMoQ6MjtfKic3h0e8Bc4zC5qk1RyIsm2opXKbWZtgMzAt0YHS8ZNq9MtsDpLXmSIRVOPnYhJdSM7S+jMYR6kqtIeN2PUA6pK82NRRMRntYwaDNVnFKzTCJsEaB9Vm/Q8ftYs9FNtvCNI77THjWQMj5/xFIuRkmXcnuq4aHjtvFnots1qXuK9lZgyDnd0HAVzOYZc8y4PyO+PatRd97Tr7i7hguLvZcZLv6l+S4vkWSZBByyisCrs2wCLgDOKenV31r0fe3eq5x9wxXhNUXMC0JbRArX8alce8Cbm0gMq9SuT/ga1Rsr+GaKoMucdtUhYs9F1kbX5OR6ftXLRnH5UgwBGyawewtmcOQ7c0w94wQVzBHwWmWMu6XTdwusbnYc5F18Tm6rAgregqSc8CmGZ5objw2rwG+acCLFmx8TQVwF99dZFOJ38oPEZYVbEUL9W2G9kyRucfv9IGvZu/ra0qJc/HdRTYlDHr7IsLqDVnxAn2boX2lcIzLFfr6mlLyXHx3kU0Jg96+iLB6Q1a8QJ9mMCT1GGBIy9wIM/TTx9ehfQtpr9a4dXA0ZFVlqrtPM8ScXRl4+/iaaTomul1r3CKskqrYUyxdm6GdXYV+Hct0YXX11RM0yaipNW4RVjIlmI4jXZvhxeYUe4y9qxatrr6mg64fT2qNW4Tlp36K0tK1GbqOCwlOCj6EjG8q3bXGLcKKUW2J2+zaDF3HhQw3BR9CxifCGkNA3xLGKLe0bXYlga7jQkXbvrnTnP+aE8pIonpjYx8NFhFWNOiTNdylGY4Gvga+BY6IFImPd6NHct3ZbJccORtJUYEIK8WsxPWpSzNcDDwLvABcGMldH7fPGNe7xBspxCnN5uizFwxFWF5gLEpJl2ZYDdwOmJ/mVTIxHjO7M9dxudzvJ8KKkTkHmyIsB/AKFe1CWGZmtRgwM63nIuDQ7l9tBQ53tN8lXkcT3sVz9NkLCCIsLzAWpaRLM2xpiOIY4JsI0fvcv+oSb4QQpzWZo89eMBRheYGxKCVdmqHLmJCg+Nq/0pIwZJYC6BZhBQC1ApWxCaud4bnuX4mwMitWEVZmCUvE3ZiE1b4a+RPA7GW5PjFjsfU9R59tY91FToTlBcbqlMRsGN+XT+SYvJj4R8VLhBUV/myNx2yYz5uT7QuBTdki6OZ4TPzdPHeUFmE5AlipeKyGuag5RvEOcFql2Fcdtgir6vRbBx+LsJ4HLgBWAGusvZdgtgiIsLJNXVTHYxDWfOBd4B/AXCu2PSoCMh4FARFWFNizNxqDsB4CrgMeBq7PHkEFYIWACMsKtuqFNgPzgKE2vmc314ftAZwKGPt6KkRAhFVh0j2EPPTRArNndW/kt0N4gE0qXBEQYbkiWKd8e3hzGzA38OWpZr/qbeBIYCmwoU7IFbVBQISlOrBFYB1g/hOyIZMlgUjLkNVGYAGwHjAXXuipGAERVsXJdwx9lEzeAJZ5Ji2j/xlgUWBSdIRB4kMiIMIaEu3ybIUildBkWF4mKolIhFVJogOGOUouvs2EXG769lX6BkBAhDUAyBWYMKS1HFjpMdZVwFrPy0yP7klVDAREWDFQl00hIASsEPgPtFOUYLWaMsQAAAAASUVORK5CYII=	29	2020-06-21 16:16:39.992063+02
25	data:image/png;base64,iVBORw0KGgoAAAANSUhEUgAAASwAAABQCAYAAACj6kh7AAASMklEQVR4Xu2dBdAFVRXH/4gFBoOICTYqxtjdgY0d2BhjKyYG2J0IqNhiKzaKiY0idoEtIMYYCBaohM5v5h69rvu2d++9750zs/O+772Nu+fe/e/ps4WcnAPOAedAIRzYopBx+jCdA84B54AcsHwROAecA8VwwAGrmKnygToHnAMOWL4GnAPOgWI44IBVzFT5QJ0DzgEHLF8DzgHnQDEccMAqZqp8oM4B54ADlq8B54BzoBgOOGAVM1U+UOeAc8ABy9eAc8A5UAwHSgWsfwUOlzr+YhaID9Q5kBMHSn3gHbByWkU+FufAQhxwwJqP0eeRdIma7WKStltx2VLnYz4u+pmdAxEHSn1AlpSwtpW0Q8N2QUnbTLiqSp2TCVngp3IO1HOg1IdjLsDaStI1JV0jbFeRtOPAxXO8pJ9L+mnN9ruac851TwOH74c5B/LjwKYD1k4BmAykrlozRX+R9EtJx4VP/q5uJ0wwtQ5YEzDRT7HeHNgkwLqopCuH7UqSrijp/DXT+3VJX5F0RNh+stASyBGwrivpDpJuIukKK/jwM0lflfSFsB21EL/8MhvIgXUFrItIQp2LAeq8NfOLpARAAU4GUicnWAeXkXSkJB5+DPWpCXB/uqT7DhjIuyS9RNI3BhzrhzgHGjmwDoAFOAFMMUDhoasSdiMeom9G2zGZrI+HSDpA0jsl3SPxmK4u6SBJF5b0mzCmD0g6bMW4ANvrh+2mkrYP+z1Y0msT34tffs04UDpgoX7wwFTptxVgAqRyAae6JfQOSXeX9FBJr064xm4dwGprSR+VdDdJf+05ntdIelA4BsACuJycA5NwoCTAunx4gLCpxCBVBadvSTp6Eu4sc5IbSfqQpHNIuqykVDag+0l6Y7jlN0vafcTtA1gAF/QRSQ+QVOcZHXEJP3QTOZA7YGF34i2/m6Rr1UzQ9RpUlRLm8wWSnhgG+nhJL0006D0lvTBcG/vTEyYYByo6oMXn1yTdxkFrAq5u+ClyBCzGZCB1u2h+/izp3WE7NHyf4/i7LCke3qdKwl4EAVxP7nLgDPu8WBJgCQGeL5rwGtgSkbCuJonrAIxOzoHBHMjpgcd1DlCxnTO6I9QlgArvk7n+cwwB6DIJeN+eLemeYWdCAZ4h6bNdDp5hnwMjTyAqIf9PTYAWAbRnk0RWwK+nvoCfb3M4kBqwLM5nV0kEcRodHgAKoMJGVaUSAetJkp4jaUtJp0naO0hWKVbb2cNL4FaSTpJ0V0mHzDgQgBn1fRdJJh3PeDk/9bpyIBVg8dZ9piTc+UYYm3GfA1Lfa2F4SYCF+gdQWeDl2wNYpfRaEj6BXfDYAFYEfs5JeD7xFu4hab85L+TnXm8OpACs2K6B9MQD3BTnUzcDJQAW8WEAlal/3wlAhU0nJT1fEtIeLwjAdAmP6qMk7RuM8PFLKiUf/NoFciAFYBnYjPEc5Q5YOal/8bIkhOIz4YsbL2g7I6D0U5K+GAJMC3xUfMg5cGBpwDKgQR181Qg3d46AdakQpU6kuqXXID3iDVxCiumyngigJY+SEAZAdSm6gKRfhfmuS5Faahx+ncI5kAqwxl43F8AiIpwIdUAKicXo05JeHlz6uSwRUwUJrCWVaUlCPQa0yd0cWq5nyfH6tTLlwFjgSHVbqQHrZgGoAKuzBCb8I+TdkWaD+pMTpVIFjQd3lPQ+SR+XdMucGONjKYsDDljd5uuM4UEjDODmkoinMsImBEjheSNEIEcizuuGCQNUcT7sJel54TNHHvmYCuCAA9bqSaIsMgCFRMBmkhRHfF/S+wNQ/SjzeX6EpP0lpVAFjTUkUsPDOwdJK3OW+fBy5YAD1v/ODCkkBlBUIY2JelkfCxsezhLozKFKBYUKibsixi0FkfhM2Rkk05TxZynu3a85IQccsCSLtqe0Cp4+I2xSBlBICBiMSyPSfijEh9pK6lMKoroG0ijBqdTKz5UeHRwluY7PxyVpUwHLQIrAyUtGK4Gct0+GWlCA1akFrxJCCZBmziSJOCg8lynI1MHHSXpZigF0uOY+kgCsEyXRJckpUw5sEmAZSN1eEr0BjX4cwg/6RttnOqX/GdYrJT0sFOQjoTwFUTcf2xnSKhkOVNzIjRgXpanJr0QSvFNuA/Tx/JcD6w5YTZLUBwekBJWydshb/HYYLKBBWlAKeoWkh0sCPDH+50Z4Tglg3jkMDEcLAa5OmXJgXQGLUikPlHTtiO85SlK83ZGCsDPFBMCgwg2V+jCuU4GBhxHASEGUCMLYjneV6HoD0KaxALRLgasF0tp4DpYU11+z77kP1GscF/YZ/8135wsVY/vw+b2SqOyaOre0z5iT77uOgGVBpTAXm1SOktQqoKpbEH3vAeM6JVxOkUSEear6U9isqF6KLZDwkDZCGibXEJpzXRJES2VXQBSi7yTlqXG6EK82VSPdtvu133Oo3tF1rMn3m3NhzHlzqyLd7XsW3tuiGuVzjqXt3G3gVJdXOcbehmRGmhDnxUuYiujnSE4lUe5Iik0Ej3ixWBnsudZlLFVRwgi7FaEWVK4g6LeukS5NOOgeBPDzGf9t3/HZ1z6Xa4J8qvXS6bpzLYxOFx+x0yrAMjd+fOpUjT6HAFUdS/rY4TCuU5mVhwrp6p8jeDzmUOucs0rNqp77rZLuFb6co04/deUp0Yx0BeEJBpzOVXOTSzbSrZYgQsJ8mqTPjWH+Oh+7boDVBhLMJUZV61LM5xxdau4farRb1Yax1SlsDa6SvExtJG2IzjuPlITBOwXFHXMAhbaGqnG3HiQVyihPSfF4jpO0laRzhwsQtkLeJ+sgZSPdnGr8T8n7yc+1boBVx6C40ScNP5seiLHSGA8fthtAA0JyoMHDHC2uVoEXIQR45YYa7McsMiQZJBSoayNVEqIBWmjqRrJxj0TAiZzQmOaQ5sbwL+6iRDMQ66g05pxrdewmAFZ1wmIAo2vNxRtmtKs0xoP6rMi4TK4hQZJvWmi1AF7YgLarXK+vwX7ocA08aW3PGLo2UEUijmv2T9VIlowFPHDVyHqkKfpb4tWjThlJ2bkRaiuGeDyR9HO0XpG5jTPJeDYRsJoY3SaN1QFYrHKgXuIZWwqo7F5QQd8QkrJ56EmHmTtAdpWER1cg7DBtFJfKxmBN+MAUjWQfG6pCxMnq2PVQkeETW8pUpTa+8LupyX8IrdGWXk9dxphkHwesZra3AVj16B+Gxq4Yddn+tNCsItHxsPMwxou7j8G+y1DbbGhd1dAYrODZpSXxaQGcXcZS3YfQCdQoU8f5/XWh6QX8waiPin56aAjCdzkTfSopxwPh8cbUMIdpIWce/N/YHLD6TRcPA3aPu4Sg1LO2HE54hYEX5YnnIJOujpR0uYYLrAKboWMaqm7GYEXVC4zyNKZAheah7EtUeyU4Ng4SPiKUsrGEdSLYCUjFK5jSIdH33qrOm1Kf1773vXL/UhmQsuJoHMsDINHW3TxhlB6mGimbudCN+UgQJAJ3lUK6TvKXwsNala6ajjfwIsjU2o91ud7YCHzAiih8UmKsCQnqmb0IDusyiLAPdkPCWPCwxfSYmqoLVDslHqzEXMHY813q89pjWpt3LZUBKQCrGsvT1sgBmwzAhQcMYIirlE6VJmTR4Ug7Tc6DyRbMiBPFYEWcETFjeO2wC/6xxmHQdKnYbvh3SUi62HvuHcowx8daAUOuATiXWCZoBNvX61AHrG7zGT8gqBvYF/q2l19lT2IEQ+eBFBOMzEPVqW53P36vWA00sMIeM6T9VxyqYCP7RGjSWq3+ioqMVHiGAGbYgpwK5sDQByXlLZsr/PgoAHDO8cQPSFd3fdt4AC8arOLNs7ZXQ+aCuDFK5eQWTxTff9VmhQpnxuM+DVaRcJkLPmMidokXSB1ZmhKhAYQIOBXOgSEPSepbxriK3QYbCHFUcxE2KOxVFsvTNRCy63jidJQh81CCOtgEVvCpawv7WMI1/lJnCyP9Kkl3b0mEWKAuowqSE+hUOAeGPCipb/k+IShw6qjo6lvbooyrhvUp7t88e0hIAPAQd3Xu6mAbWMFHUmKQDncJFSbqeFunAjZJVZwjrvywq5dwmWLJ5nGOEgGLiHKilLsGKPbhdLX0SNuD0efcti8q0euDKtjHs1e9Vs7qYBew4n5Q6wk1IF2qrgwOwbDwyIi68LxI2pKD8TZepwDb3pD1s9HHlAhY9ACkgSlpIG+ZcPbiPK42dWPIZauZ+aSFALxDKGd1sCtY2T2sih+rFtg7MBRlPK2FYftKwjZG5QNyR53WiAMlAhZvWdpx8Qb98si5wICLfYTNqC1cYcglp659lLM6aLY5i7Nape423QP9C98TMbprAwuqrForM1Ttw4dMlh+TLwdKBCzibUiwxbs2xPZjs1E15FrBv77hCk2zi4pJcKO96aeqLpmrOmg5cD8NL5Sm+SEEgY5FVQ8nsWsflkRPRXIMySogW6CNUCspw0zpGIJ5yel0WjMOlAhYUwSNzhGqUF0asYqJVIjNbYr63Tmrg1TxJPaprcqA3QMBtHEvSCurDC8BK3IMKUbYhcggIOGbqhWEizitIQc2DbCwr2DItXSOqUMVWCJ0jqaphIVDTG24z1UdNOmqLacRHlXvYcvgiNg9esYo89xV2qXmGBVFkb7pEuSdb9YQrLilTQKsOJGU3D/Aqq0aZp9pR0Ulu968WnOVu0XtIa4op2BRmjhQuA8Vr4vnM74HjkGyojIG0jNrsg/IUwfebJmk+xzUZ9J837I4UBpgsah5g2PDsfLDTRyvK5k8RxVQqgU8V9I2YTAELfL/HDSFSjz1uOiMc4tgKMfw3UZ2D7wwLHIduxdzioeWJPKuZCEM+4X0nK7H+X4FcqA0wKIMyQEdS+lWS3OQb4YHacpiaLzdASarzIAd5SmhttNcyyE3wMKRQImXo0O3nmM63Hjcig3QIoVmz3BcH1XQbJGfDxUgOlzadymZA6UBlsVgNZXSRarCRmJdWOaQqPBgof5Z/aZjA1AxvrkpJ8BCqqG+FAZygKaPik0td3uBUCuMPoF9VMG+zS7mnhc//wIcKA2wUBsoo7KqlG4ctIjaiPQzpUTFlCBNAFYXDvMDOCJVLdVSKxfAwrFgfQ8podMl9KBuSZs3tY8qOKTZxQKPk19ibg6UBlhND2vXCOuhPMXFDlCZyxwP1l4JghNzACyrMWUATl7nEEKVpoAf1EcVtE47U1XPGDJ2PyYBB0oHLOxUGHmtTRQsbIuwHsJmgMk6rFCnnf9ppbU0URSQ69Nenb9TEGlRpvqOLTdsUfF9VEErSUOdK0IYnDaIA6UBlk0NQEXhurjhAL9N1bDUrkNZXdJqSAWCqKuE+he3plpyuSDl/UASbeAJB1iaiELHeQGhDsLvMdRXWjxbMO5vHyqWegjDGO4XeGxpgFVtVEqIAzakqe1U2EhoVXXbMKfU38Iehvs+JZkKlcIrBk9Q35Ds9g8JxmN50RewLCEae1ksVY8dhx9fCAdKASwi03F7EywJzdWolBxFjMmoOhDqF+VsKEGcA1GllJxH+uyhmi1FVJoArKhLTxiDeWDHXr8PYBGjhWQJkZtJYK7ThnEgd8CqlmTBbkH5kKklKqYdFROpyoI/cdkDVtRsyoUsBWWfMN4lxoUzg24zVMfA2E3q0VTUB7AoL0NJITo6xyk8U43Fz1MAB3IGrClLstCE4EKVbcfofyQH7CPQwcE2M1cfwTHLwnLwlqpGEHteDw2tsjD4T0VdAQvJmuqk0E6SCG9x2kAO5AhYGNRRycwD1KUky7YNYARQAU5tdEgwqiNN5EqED+wWVDL4MjdZP785PK+MvStgYejH4N/Hmzg3b/z8CTiQE2BVDerYKGg9TvPRJumI37q4+I+T9Itoq/5/QgL+970kpYFv0DNmqe81bH8L6PxuqLk+pvbYqjEYYB0V+gXSM7C6XTW8SH4fbGh/G3pDflz5HMgBsAhCJNWGxGaIEiFEqZ8agKqLdERqSBMY8dvp5U+XqB+FSrTzzPmKQwM6+7IYe+GJHQ/aQxJ2RacN5kBqwCLOCbWjjWJpqCoZAUYlSEdt99jld4CZUi6AOLXNtw7bVtHfY7/jXFwDu98SKhjq/A4rNu7zApLolIRt0WnDOZAasGD/KSEQEw8g4FMHSOsgHU2x1OIqB1Ocr+kceOLwyDk5B7LhQA6AlQ0zChkISdYnSTo5fPK3bV2+67IP5+NF4uQcyIoDDlhZTYcPxjngHGjiwL8B4eYNjfArai8AAAAASUVORK5CYII=	30	2020-06-21 16:32:51.595949+02
26	data:image/png;base64,iVBORw0KGgoAAAANSUhEUgAAASwAAABQCAYAAACj6kh7AAAQQUlEQVR4Xu1dZ8x2RRE9oEYT1IRYiFhB/aOoYMPeK7bYECuxgAVLRBMVI6golgS7KIqo2IklFlBE7AUrYsEfYkdElBjFHkVzwky+5XLv3X6f++zOJm/y5Xu2zJ7dPXd3dnZmJ7SZfgZgT+nawwF8uM1uWq8Mgb4Q2KnR7h4N4FAAFwHYGcBuAM5vtK/WLUOgGwRaJaw7APgKgH8CuAKA2wP4ejejah01BBpFoFXC4nC5x8IDAZzQ6BhatwyBbhBombDeAuApMpJHAji8m1G1jhoCjSLQMmE9AMAnZNw+AOBRjY6hdcsQ6AaBlgnrsgD+DuByAM4EsHc3o2odNQQaRaBlwuKQnQzgvgD+BuCKjY6hdcsQ6AaB1gnrYADHymi23tduJq2no/+z8W53KrS+iK8F4DcyfDwa/qfdobSeCQJGWA1PhdYJi0OnE/iBAD7Z8Fha1y5GwAir4ZnQA2H9WxTvxwE4qOGxtK4ZYTU/B3ogrPPkac4vAeyxgRHlF78HnDcA7WiTtsNay0hUkKOHhXSGY9JwYwBnVcBxrMqrA/i980MPWC8E7WwzRlhrGIVKMvSwiE4FcA/B76kA3loJy2G1rwfwTCOshdDe0YwR1uKQL9dgD4RFK/cDBNKlLN5vBODHAP4EYFdpuwesl5u50y0ZYa1hFCrJ0MMiehOAQwQ/mjhcpxKWbrV8w8i3jCTIRxphLYC47bAWBXlTjfVAWC8GcASAPwK4KoA7AvhqZcDfL0TFIyiJi6kHrCvDGlS97bCCYNrOTD0somcAeAOA74vy/TUAnlN5uM4FcA0AVPLzaGiEVRlwqX53AL81vJcBexOt9EBYPJJxx3MagLsD+DmA61cE+/EAjhcHgncyQ8aKSF+6al6u8JLFPhCLwr5cYz0Q1r0AnALgc+Lnnb7eax4LTwewL4AnCnHZEWW5+cxbWd7OGmEth/miLfVAWDcH8F05En5efL3XOhbuB+AkAD8BwJtCJiOs5aY0TVaebIS1HOBLt9QDYfFW8FfyCJpO/Ojrvdax8EMA9gfwQgBHGWEtPZ3xZdk9L7XD0o+R29H3AngHgC8u3vsOGuyBsHYB8Fdx5sd/fw3A7QA8AcA7C47xNQGcI/XRS4Qqf22HVRBkT1V8WcAXBpskLBXxlQBesFzX+2ipB8IaHstUKc7bu70KDvNhAF4O4EQAj3DqNcIqCLKnKnfHs6m5TaJ6nsj5auffy6HQcEubGtSlIR2Sxg+FrFQxXkKenwK4AYD7ix5L62yRsBhG7cFy63ozD3hLzrE1EBbhuCuA94lpS8k5VmKebnUdS06mTQI1JI3Suyz9qn5GXDK7fW2NsGgMe0zEYM7NsdKeLNZCWIRH5xjjYTIupqUCCPRKWITuR2LYmfsF5NeUt49MdwPwhcG4tERY1PtRoXwhgLcD+FjGq4Ea5FKjzpxlprExa5rR5Mi3dWV7Jiz9AtICfp+MkeMzH35Bp5SsLRGW3sKVuLCoQS416syYGji6shlNjmxbWbZnwuKA6QLkbQ4JJza9AsDz5eaRep2x1AphqQeK3wHgE5jcVINcatSZ00/OiZpmNDmybWXZ3gmLCnL6ef+vKMzplTQ0+Y6CWk8rhOV6oCgRlLYGudSoM3Q+TOVTM5pc1UOuHE2U752wOIg09Hu03Oo8JmJUvydHyVfJLmuqaCuE5XqgKOEEsQa5uHUyDiXjUW46qeqBek6+ZbWUgYARFnA9AGcDuAwAhrf/VACeeitI98t8+jOXShIWjSKfJu5yhm2+RG7vzg+QPyULMeKj8RJuplV5r3KUmIfqqeEiADsDuC6AX6d0tEKZPwO4ssQWqDU+FcReX5UlJsr6enVpiXykQT0U9VHUN9DDwlwKPQpqHb62Q/HjIqeujbZeU+nbYgdWY1GU6gdlp/nHvaUTF4ifslAcpvKppwa+auDu6hYAuAteQ/oWgFvJ5QzNHCwlImCEtQM43hbSCHJO18AdDt2X3BSA7yhYirDYJm+b9Lj6HgDPBeCSEvNwZ8hFUYO0NKBGKXJxj26U99aJ89ctpp4a+CSKz6RIiJ/NqHdqN5uyk9Xj9IEATsiQqfuiRlg7poDqGnj0oZnCcJfikgLtjx4SOHtydiZum7Tp4dOfqfePbl4+vOXzoFI7Lb69pPK4FLm4hFXKz756auCuisd0Xgyw7pTEXfTr5MM0Vj4W35cCeBGAIwEcniKQlbkYASOsS84Efv0eO7FL+YiQVOwOJpWwSED0/nCXiF1TSpmQtfA4AO8WAih9Q1hqEauJyscBPEgiFr0xpHODPGqqwv/mh4m3o0r8qfiWxi+hW20UMcK65Di6uxRu/ekPnkmV7D8AcM/InUsKYeXsltyyvAElAeem0jsEd4dV6phEUrkaAPo6OxSAO34h/Sdu9L+vO+cpQ+CU43fpHWpIf5rMY4R16WF1A6DuJrdic09vfBMjhbBSd3MqC/tA5S5v9UpYpZfWwbiExeN3riJax4xh1RhwhD783wzg6b7Bkd9dEuJH6Vkef1axH5TSOsDAbrWXzQhrfEw10o77a6iSfVhjLGHl7Obctks+8C59y+USFj8Kubo2dwfzWvHh/0EnxNrcyk3ZMbG+2ONh7Dxoj20K9MgIaxzE4Q0Rj1U8XqWkmIkaazLhk6eUGx2GSLtKQTuiEkajPhc39OHP47uPrGL1hG59Ltl9FMBDZxqLmQe+cU39fTivt279b53AiSO1yckS2naKyYQPjlK7rNA++OTR33MIizhRP0Vl+FzyPWqPPdZNtRU6bqUxDMVa87k7Qv7fVq79rRQ6dqQ2HAgiZKKmmkyEQFHCjU5IH0JkySUsFye6Q6aTPN7k0fqf4dyowKfJgfrwn4ryHXuc8/UtZGfMqON0nb0HgJg3q762Q353jY5jTTJC6l8sjxFWfahDJqrqzGJNJkKk110WIwfdMqTASJ5ahHWmBLcNEYuW68eKBfsQJ1fHxjpdH/7Dul2yKrl4VfdI84o7j3ToZHHu+DAAvFRZInHsGTSYz6mYxoyOl5CjWBtGWMWgnKxIJyr1G9RzjCUlhBIK6LH6vyMLPfXGsBZhhYZbO1jIin2jRT9fI7iK+qGObUreUsfAqcH+pljtj7krepkTTYlRlWokugDi0zL+0X6P0ceZuMsm1iWDrtSQ31unEZYXouwMIRO1NCEMhc7VZZWWT+sL8cTJXRUJi+ltTtxBt49D+abkrbmTpTxz7opo38Wd1Zgb7ZxJxkfVTwJwgDzNcuvi21iS1NYTlXbKCCtnqoSVrTVRw1rfkSvnxrAkYalTO0rmm3/uzooBUklYw0RvG7+QEGvXlh+n5K29k2XzU+6KxuSMHUM3/95CVCSry8sP5wL4kjim5NH0rJwG1ljWN2HWKHOKTCUXXGz7OlF5hOGRb1NJd1mc0DwuxKSS+Knb4BDC0nape6MObiyNfRB8hFVz3s+5KyqBI6MVHTQIdvJpx8d+zLhuXd6aA7cmMEpMlJz+nCdktafsBnLqyin7B3HlEntTVRI/DcwQQ1hz83TsyL1JwmK/1F0RLwP2dQYsB0fqH7nLVM8W/wJwnPzRhKOLZIS1zDBv4oZorGepcuQsNFcO9zjoIyx9hMybLT4enkpjffIRVq3LDVdG7mSp/HZfSKTgSKLi20i96aMC/V2yo/rLMtN3Pa0YYS0zFiGK9yUkSZUjZaGN9cc9Ds4RlmvXxH/T/GAqje0afUr3kuYMU3Lx2K0h3zT8WwyOQ5MERionfs0o0FMmvBFWCmrxZVTPQl3DfvHFi5VIvQCIWWhzwrrHwTnC4rMa+j+f8pigbUzp5ebMGvQpzhKkpbvE0wDQI6oPx5uIH7P9AdxQOtmMSUKJWWyEVQJFfx2lb4j8LY7nSJXDt9BC5HEjIfOx8hRhqb933mrSs+tcUvuyoZfYOXmHT1RoaEpCyQkKOycjvT+QiNiv40f6zeMpnS3SLOG2TkWny61o1zuqIbBGWCFLrUyeEou+hCQpcqSUGcrqmlUwevQUYam/d5+R65wFv0/e4SNglfUkOXYNo3fn4K4EzJ3SXlIRg2QoSdHZoCbqpLgD5B9J1NIAASOs5aaEbxEtJUmKHN8AcBsxjOSijk1Dw9U5GULlU2Ib88EfWgf7oV4f+GRG3x6muhKawkXfc7rERINPTfSSSpKiSxyVPRbjLvIbYS03zDGLqKZUGmwjxMpc5ThM/MmfKDuDWPncYxGPOLmE5TpZHJvDqVjre0C3f6lHRh6/+f6R/uUZPo7HQjfxI0CCIlHxIbelAASMsAJAKpQl5BG0rylGzuE1v6ZTAJBEVDfiK8/f9aYu9B0fyzAKzTlSOT0OMDJNaBoqnlkuh7BcHdSUG+RUwqJsvJXkMS4mqG4oFpqPujkekS1FImCEFQlYRvZUGyht0g2OMBSD+g5G1AnRvagtVIynBLbHnQBvr/hw96hAHKbcrnBHQeIhEfI5iZuUbMbCaYV6WsghrGHXfI4Cp6AgwZOUGMWHf4wnyaMmUy/rLnCahGfrBbiSEzgc3UvmTLWB0q/+mF956oae7Rw3fGYAKlEKHjTHoP6Kt1fubdYcHlyo+4zEcNQIN/QIShOGYfLpcXwmCSn9Sx3XmHJrlSumDxvNa4S1HPypNlAhHi1d3Qu/6oypN3dMTF04Wi7EUlxlOkP0OC7SGkOQwR4YMGKYpm7xmC8kkGlq/5abDdZSEgJGWEmwJRVSGyj6bmI4qtBEnRX1KT6f4Tx+8bhGg0smPhY+ZoK43GOXhjILkSfUPYvPA6dGaabrGJ+r4xC5pnZovczvFIy2skwvA7qWLy6PMvRGOXYVPzaB1IaHFuI0tgyJLsNj4iFyQ8U66e6EXifdsu6RKyZ+X2jMQ7VUnzIPoNX3qQDor4nv7UqntYx36X51X58R1rJTQO2ReLt3n4CmczyFsi3uuBibUF0K36+Ay1w35uEY8Wof5yzVd5ebxloud4ywAibXNmbphbDWNDahi0l3Vzm+2N0d0QUSqsvFInX8lZTOBsBAqCQevU2jr6YrBewiQ3FIGbuadafIY2UKIZA6YQs132U1oYsp9ImKD0T6+aZfpl0A/EPMH3hjyZQz/icAYLzGscQoNgz7PpdCcfD1b+z3mnWnyGNlCiGQM2ELidBdNaGLKTTfGIBuMAIePXcFcKHsfDR/jO5qrI3hTV6sRXhO/3yTpmbdvrbt94oIGGFVBDezap8tUkz1NB3gjRwNP48INA2IqT8lb01SqVl3Sl+tTCEEjLAKAVmpmlTS4q0ij4E00FxrMIKapFKz7kpDbdWGIGCEFYKS5amBQE1SqVl3DSyszkAEjLACgbJsxRGoSSo16y4OhFUYjoARVjhWlrMsAjVJpWbdZVGw2qIQMMKKgssyF0SgJqnEvHks2CWrqjYCRli1Ebb6icDc5UGNOahvHnNNN2z0VoZAjcmysi6aOCtAYIqwas0/tRGLedi9AphMBB8CtSaMr1373RAwBAyBaASMsKIhswKGgCGwKQSMsDaFvLVrCBgC0QgYYUVDZgUMAUNgUwgYYW0KeWvXEDAEohEwwoqGzAoYAobAphD4P2CJon5GJYI8AAAAAElFTkSuQmCC	31	2020-06-22 12:55:18.863009+02
\.


--
-- Data for Name: user_profiles; Type: TABLE DATA; Schema: public; Owner: sophie
--

COPY public.user_profiles (id, age, city, url, user_id) FROM stdin;
2	\N	\N	\N	7
3	\N	\N	\N	8
4	45	London	\N	9
5	23	Berlin	https://westendstorie.com/2014/05/02/der-schleichende-und-langsame-tod-des-hans-guck-in-die-luft-fsk-6/	10
6	14	Berlin	https://de.wikipedia.org/wiki/Karlchen	11
7	53	Mnchen	http://www.landstorfer-immobilien.de/	12
8	32	Berlin	https://de.wikipedia.org/wiki/Cathy_Hummels	13
9	60	Cologne	https://en.wikipedia.org/wiki/Tina_Turner	14
10	36	San Francisco	https://www.facebook.com/	15
11	31	Berlin		16
12	23	Berlin	https://www.test.de	18
13	70	London	https://en.wikipedia.org/wiki/The_Beatles	19
14	28	Berlin	https://www.tayler.com	20
15	31	London	dkdpfke	21
16	23	Berlin	http://max-mustermann.de	22
17	29	Berlin	https://www.example.de	23
18	49	Munich	https://andrea.de	24
19	17	Munich	https://www.faces.ch/just-facts/facts-biene-maja/	26
20	28	Munich	https://www.test.com	27
21	31	San Francisco	https://www.charactour.com/hub/characters/view/Jessica-Day.New-Girl	28
22	28	Berlin		29
23	36	Los Angeles	https://beyonce.com/	30
24	27	Munich		31
\.


--
-- Data for Name: users; Type: TABLE DATA; Schema: public; Owner: sophie
--

COPY public.users (id, first, last, email, password, created_at) FROM stdin;
1	Sophie	Mller-Uibrig	sophiemulleruibrig@gmail.com	$2a$10$cv4iKJZYmN2K3yPdZW7vBeynI5N4H.LnujSRTC7Nxv2hEJBkG5fGW	2020-06-20 13:35:54.413852+02
2	Toms	Senart	tsenart@gmail.com	$2a$10$t4VBu04cSGdI5dcr2468CO9WB6qhBcErGelh7h0qIh3zAWKQZwFv6	2020-06-20 13:44:53.252075+02
3	Tanja	Gottwald	tanja.gottwald@gmail.com	$2a$10$/.XdOLwKR5NtiOTLpfSIG.bh3rzgy8CtY/sZxKaX1ujzphkGksHf.	2020-06-20 14:07:31.591868+02
4	Sarah	Meyer	sarah.meyer@gmail.com	$2a$10$Wn85UxDSgPnVvYQoi6.9Xu9IbsCMqVSXMq85RyFZUiMxurAPV43R.	2020-06-20 15:01:07.727672+02
5	Martin	Gropius	martin@gropius.com	$2a$10$KGaHZPicIsoibxy0j5o/mu9.C/y0kPLBDw28m0hllvn44092npaRq	2020-06-20 15:11:20.122144+02
6	Zarah 	Leander	zarah.leander@gmail.com	$2a$10$VTDO.HIxUcaxVuF5j8L0zOoCuM2Rhe5BZnJ6kuC.bX2cyrwol442a	2020-06-20 15:18:24.243934+02
7	Maria	Maunz	maria.maunz@hotmail.com	$2a$10$vkKyWGhpkqgJnPKRAncpSO0GmSBJNCnPaHPsyP8CCPB30QwZF41DO	2020-06-20 15:29:45.471886+02
8	Edward 	Snowden	edward.snowden@gmail.ru	$2a$10$seDmNJz1bBg52cRVO0KAOOjbZtMwV7rhsTQs5XspAEEp35RbU3jKu	2020-06-20 15:38:04.735294+02
9	Paulchen 	Panther	paulchen@panther.com	$2a$10$PpqG1gpzTyYMb6Kvw.AdpOUmEj5ie.RRTHu.1HhkdMhKnGxXnh5SW	2020-06-20 16:37:07.425963+02
10	Hans	Kuckindieluft	hans.kuckindieluft@hotmail.de	$2a$10$mwqeXUs0vn6HKjXCjRDlu.tVLj.4wuP.c8Y9Nu.EVoSKM626Hogou	2020-06-20 16:41:26.505535+02
11	Karlchen	Hinterhuber	hinterhuber@gmail.com	$2a$10$mGO3v6nB/HZAAJTBOkRWD.1rThJ3J8tOmQCPWZr10sdkiukUfXXmK	2020-06-20 17:24:50.716245+02
12	Georg	Zacher	georg.zacher@hotmail.de	$2a$10$3xjV8zwegjcL5RstQiDI0uLGsSxhJ0X7Tu3dWDoGI0kozwslmM8Nu	2020-06-20 17:26:29.659549+02
13	Katie	Hummels	katie.hummels@gmail.com	$2a$10$0Yj152Z69Ck7ZXAVLAUkx.VsLZh2OWBj6sQQmVoa2fxFoTn2X9KE.	2020-06-20 18:55:34.157015+02
14	Tina	Turner	tina@turner.com	$2a$10$hSuhLfuaEB2PN/fREpHQ7O3RmFvKPcjUoHrQReYVnQUbLtTWkTfIO	2020-06-20 19:10:33.939661+02
15	Mark	Zuckerberg	mark@facebook.com	$2a$10$Ta0LDkyfd8v8EdKNDUWktOV6loFq4RcQz1WUEPHNKqksLvuZOjMGu	2020-06-20 19:15:22.587853+02
16	Micheal	Stark	micheal.stark@gmail.com	$2a$10$WR1LqJ7R5PqVg22LgjvpXufKOTwM68016PXTrDFsLn.lLbUACG7vy	2020-06-20 23:23:42.618717+02
17	Maya	Lewis	maya@lewis.com	$2a$10$w.SbVGgcQrlW1lNo4U8vvew3V137l4CN7Y7cS9YVp6.3Ah2Ba9Lvu	2020-06-20 23:30:58.405429+02
18	Miriam	Koch	miriam.koch@gmail.com	$2a$10$e1DRShyF7jEHbs5IW6zk0ugTbaZNG8z4/Wp/O6uPNiUGMoyrJhinO	2020-06-20 23:33:21.449197+02
19	Paul	McCartney	paul@the-beatles.com	$2a$10$9gakzuHQltiJBHx8uo7bOedtlqjqOEBIizuKXOjUZOaGQF0BVdgz6	2020-06-20 23:37:19.567617+02
20	Tayler	Cook	tayler.cook@hotmail.com	$2a$10$FtLtk70lRuNnSxTdmIuHrO3oQ8fNJKV0fx8D.u1BMbImplaACM8Pa	2020-06-20 23:39:42.97584+02
21	Mike	Masel	mike.masel@gmail.com	$2a$10$h8EuLAVz/LqjWco44YFvZeTXueUoQqXbWLShrNzeJgNmgBdnzZmHO	2020-06-20 23:43:12.664804+02
22	Max	Mustermann	max.mustermann@gmail.com	$2a$10$fDjWsxQmUWyuTYUmrRPAQeg.QBHg.I.GUsKuk7V9RMeAH7Xn6xLCG	2020-06-20 23:55:12.728469+02
23	Alex	Huber	alex.huber@gmail.com	$2a$10$QVuoQ/r4y6MNSOkF9wLDDuW.lJlQWAhYolKvA4cmXNRnLhAEgeBti	2020-06-20 23:57:59.329014+02
24	Andrea	Lipp	andrea.lipp@hotmail.de	$2a$10$CcaNzZCNxwWBDdcOjjc67u8jd/X76fsU8wF0DJX.qqDy0OXrytcJ.	2020-06-20 23:59:43.746495+02
25	Angelina	Jolie	angelina@jolie.com	$2a$10$Owt3pFeqqko.DnCmeuiacuDzQwqfwvbkhXLsu7MW0GUSinv3F2urO	2020-06-21 13:52:09.346864+02
26	Maya	Biene	biene@maya.hotmail.de	$2a$10$7nW2p1MzwlZeVwdjCz5Y4.qQpPFjfyri5YjRZq.E0zBp10ATTxCxu	2020-06-21 15:03:45.407767+02
27	Jenny	Peter	jenny.peter@gmail.com	$2a$10$kLkxDMvHHv283WNrn3NMRutKD5wSMU1tQsm/Cq8NcZS0q3anVkMWO	2020-06-21 15:18:44.1934+02
28	Jessica	Days	jessica.days@gmail.com	$2a$10$2eWVdfp6y7f8Qo5xIk.xreaCjxI5XWtKTClhVXz1cAJHvu0q/KVc.	2020-06-21 15:27:09.726045+02
29	Toni	Kross	toni.kross@gmail.com	$2a$10$mVrdu8PthDwBpPJiWbTAqeYqmuXRhCg8ZUXrYHAmO5VuPTtekjMeO	2020-06-21 16:15:01.669031+02
30	Beyonc	Knowles	beyone.knowles@gmail.com	$2a$10$sfj5B/4ClsptJ4mhJGDt/utnkbMaF9K96vpx6nt54muzKNdYFGJxy	2020-06-21 16:30:06.319868+02
31	Magdalena	Schuble	magdalena.schaeuble@gmail.com	$2a$10$s0bEp3ANZwUgJ66ylEEIAOTu6roPJxF0DDp4MiCMHwNUVAH7Wpxiy	2020-06-22 12:54:47.542763+02
\.


--
-- Name: actors_id_seq; Type: SEQUENCE SET; Schema: public; Owner: sophie
--

SELECT pg_catalog.setval('public.actors_id_seq', 5, true);


--
-- Name: signatures_id_seq; Type: SEQUENCE SET; Schema: public; Owner: sophie
--

SELECT pg_catalog.setval('public.signatures_id_seq', 26, true);


--
-- Name: user_profiles_id_seq; Type: SEQUENCE SET; Schema: public; Owner: sophie
--

SELECT pg_catalog.setval('public.user_profiles_id_seq', 24, true);


--
-- Name: users_id_seq; Type: SEQUENCE SET; Schema: public; Owner: sophie
--

SELECT pg_catalog.setval('public.users_id_seq', 31, true);


--
-- Name: actors actors_pkey; Type: CONSTRAINT; Schema: public; Owner: sophie
--

ALTER TABLE ONLY public.actors
    ADD CONSTRAINT actors_pkey PRIMARY KEY (id);


--
-- Name: signatures signatures_pkey; Type: CONSTRAINT; Schema: public; Owner: sophie
--

ALTER TABLE ONLY public.signatures
    ADD CONSTRAINT signatures_pkey PRIMARY KEY (id);


--
-- Name: signatures signatures_user_id_key; Type: CONSTRAINT; Schema: public; Owner: sophie
--

ALTER TABLE ONLY public.signatures
    ADD CONSTRAINT signatures_user_id_key UNIQUE (user_id);


--
-- Name: user_profiles user_profiles_pkey; Type: CONSTRAINT; Schema: public; Owner: sophie
--

ALTER TABLE ONLY public.user_profiles
    ADD CONSTRAINT user_profiles_pkey PRIMARY KEY (id);


--
-- Name: users users_email_key; Type: CONSTRAINT; Schema: public; Owner: sophie
--

ALTER TABLE ONLY public.users
    ADD CONSTRAINT users_email_key UNIQUE (email);


--
-- Name: users users_pkey; Type: CONSTRAINT; Schema: public; Owner: sophie
--

ALTER TABLE ONLY public.users
    ADD CONSTRAINT users_pkey PRIMARY KEY (id);


--
-- Name: signatures signatures_user_id_fkey; Type: FK CONSTRAINT; Schema: public; Owner: sophie
--

ALTER TABLE ONLY public.signatures
    ADD CONSTRAINT signatures_user_id_fkey FOREIGN KEY (user_id) REFERENCES public.users(id);


--
-- Name: user_profiles user_profiles_user_id_fkey; Type: FK CONSTRAINT; Schema: public; Owner: sophie
--

ALTER TABLE ONLY public.user_profiles
    ADD CONSTRAINT user_profiles_user_id_fkey FOREIGN KEY (user_id) REFERENCES public.users(id);


--
-- PostgreSQL database dump complete
--

